shipment_id,carrier,weather,shipment_value,warehouse_load_pct,traffic_density,planned_arrival,current_delay_minutes,is_delayed,last_checkpoint,distance_to_go_km,shipment_priority
FJ-82823588,Delhivery,Heavy Rain,10753,91,0.25,2026-02-16 17:31:39,163,1,East Austin Hub,468,High
kq-40251081,Delhivery,Clear,5202,78,0.51,2026-02-10 19:41:46,7,0,Tamaraburgh Hub,54,Low
YH-75059296,Swift,Fog,7599,100,0.46,2026-02-15 02:32:54,4,0,Martinbury Hub,358,Low
Wh-78892433,BlueDart,Fog,12401,30,0.95,2026-03-08 18:29:49,12,0,East Maryborough Hub,150,Low
km-65944917,BlueDart,Fog,13820,73,0.62,2026-02-24 17:03:22,2,0,Lake Eddiemouth Hub,252,High
rg-75176927,Swift,Fog,14210,70,0.88,2026-02-10 19:38:25,2,0,Pughmouth Hub,28,Medium
JC-57450820,BlueDart,Clear,7346,89,0.95,2026-02-12 07:41:58,172,1,Scottfort Hub,226,High
ZP-51316744,BlueDart,Clear,14588,53,0.62,2026-02-11 11:03:46,7,0,Wendymouth Hub,35,High
Gm-79488424,BlueDart,Cyclone,9677,99,0.33,2026-02-18 15:38:14,431,1,East Karinahaven Hub,200,High
fT-65340497,Swift,Fog,4279,59,0.44,2026-02-27 04:11:06,8,0,Gregoryland Hub,425,High
KX-49201287,Delhivery,Fog,1679,47,0.92,2026-02-24 06:34:36,172,1,Jonesfort Hub,319,Low
uz-12139794,Delhivery,Fog,1085,93,0.19,2026-03-05 14:54:55,6,0,Davisville Hub,181,Medium
oe-52248153,Delhivery,Heavy Rain,11302,59,0.92,2026-02-13 07:55:39,1,0,Melanieborough Hub,124,Medium
eA-93985614,Delhivery,Clear,6109,83,0.77,2026-02-09 13:10:50,5,0,Thompsonton Hub,140,Medium
NE-11556535,BlueDart,Clear,877,76,0.47,2026-02-10 07:59:17,2,0,Port Rodneyside Hub,407,Low
pX-78938193,Swift,Clear,7043,84,0.89,2026-02-08 12:03:56,15,0,Fordmouth Hub,352,High
nt-72767634,Delhivery,Fog,2208,43,0.29,2026-02-27 03:36:14,10,0,North Douglasside Hub,494,High
bn-42425946,Swift,Clear,9211,92,0.76,2026-02-17 19:06:33,15,0,South Alexa Hub,262,High
pk-16612299,BlueDart,Heavy Rain,7324,42,0.93,2026-02-18 14:37:00,89,1,Sharonstad Hub,378,Medium
sv-23377765,BlueDart,Clear,11030,81,0.67,2026-03-05 18:25:05,12,0,Mcconnellborough Hub,197,Medium
jK-26298166,BlueDart,Clear,9837,54,0.34,2026-03-07 16:52:51,11,0,Scottfort Hub,100,Low
kW-35852060,Delhivery,Fog,12218,47,0.5,2026-02-22 04:05:35,2,0,New Ryan Hub,421,Medium
iY-07450887,BlueDart,Clear,11260,90,0.33,2026-03-01 03:30:03,7,0,Cabreraburgh Hub,262,High
yc-97882694,Delhivery,Clear,11290,82,0.6,2026-02-12 00:20:14,9,0,Port Shawnton Hub,73,Low
Gu-42810493,BlueDart,Heavy Rain,6958,63,0.49,2026-02-23 06:52:40,11,0,Andersonville Hub,331,High
ov-34063200,Delhivery,Clear,11568,83,0.55,2026-03-03 09:38:29,3,0,South Joshuachester Hub,11,High
Is-95295921,Swift,Fog,9002,48,0.71,2026-03-07 14:56:43,1,0,Mccarthyside Hub,273,Medium
oG-36205799,Delhivery,Clear,2179,42,0.16,2026-02-14 09:47:30,3,0,Kristyhaven Hub,386,Low
YG-95888308,BlueDart,Clear,7676,64,0.79,2026-02-16 05:34:15,11,0,Port Corychester Hub,138,Low
yG-50660127,BlueDart,Clear,14607,93,0.42,2026-02-15 11:43:06,15,0,North Randyborough Hub,204,Low
WM-58436626,BlueDart,Clear,9967,94,0.38,2026-02-10 12:48:27,1,0,Benjaminstad Hub,159,Low
bA-74112934,Delhivery,Clear,12942,83,0.73,2026-02-08 00:32:58,10,0,East Ann Hub,453,Medium
TG-81239882,Swift,Clear,12735,88,0.68,2026-03-08 14:18:13,0,0,Reyestown Hub,386,Low
zi-59819237,Swift,Clear,7756,72,0.36,2026-02-14 05:24:27,13,0,Stewartshire Hub,271,Medium
XJ-21724737,BlueDart,Clear,7617,39,0.73,2026-03-02 07:44:09,5,0,Lake Shannonchester Hub,221,Low
UZ-26118940,BlueDart,Clear,3838,92,0.88,2026-03-07 10:14:03,114,1,North Jodyland Hub,84,Low
cT-94979914,Swift,Heavy Rain,10155,65,0.77,2026-02-09 19:30:11,2,0,East John Hub,441,Low
xq-67932044,Swift,Clear,6814,61,0.39,2026-02-08 11:23:58,66,1,Joshuaview Hub,328,High
Gt-77100713,Swift,Clear,12509,53,0.78,2026-03-01 04:56:59,10,0,Knightfurt Hub,498,High
ft-66686646,Swift,Clear,10509,64,0.18,2026-03-04 09:15:28,13,0,New Justin Hub,233,High
gf-15592498,BlueDart,Fog,9770,60,0.24,2026-02-17 13:45:42,9,0,Jeremyburgh Hub,479,Low
Nt-95463602,BlueDart,Clear,6905,54,0.38,2026-02-26 21:29:48,3,0,Parkerton Hub,307,Low
AT-83653605,Swift,Heavy Rain,988,84,0.98,2026-03-06 08:50:10,1,0,Port Jonathan Hub,365,Low
iu-36818131,Delhivery,Clear,1151,71,0.68,2026-02-25 10:46:47,12,0,Dennisland Hub,239,Low
bV-01644565,Swift,Clear,767,74,0.62,2026-03-04 03:07:37,11,0,Lake Davidtown Hub,89,High
nL-89742351,Delhivery,Clear,10841,63,0.8,2026-02-22 13:32:29,10,0,East Samantha Hub,68,Medium
Df-62841083,Swift,Heavy Rain,4853,37,0.96,2026-02-24 20:37:30,8,0,Julieland Hub,33,Medium
xa-71505358,Swift,Heavy Rain,4085,40,0.96,2026-02-24 14:14:30,6,0,Melissaport Hub,402,Low
Fg-87066873,BlueDart,Heavy Rain,14049,42,0.43,2026-03-05 13:40:14,98,1,North Aimeestad Hub,422,Medium
aj-65350896,Swift,Clear,2417,50,0.89,2026-02-07 22:01:39,13,0,New Jeffrey Hub,115,High
bJ-45967754,Delhivery,Clear,6359,69,0.83,2026-03-06 15:12:32,48,1,South Sylviaville Hub,268,High
Iv-12143343,Swift,Heavy Rain,12720,49,0.55,2026-02-07 05:38:32,6,0,Marissaville Hub,322,Medium
Xh-18651337,Swift,Heavy Rain,2604,74,0.63,2026-02-18 23:09:53,2,0,North Bryanchester Hub,436,Medium
dg-00145851,Swift,Heavy Rain,4438,51,0.51,2026-02-27 12:11:12,9,0,Robbinsland Hub,354,Low
SO-19131194,Delhivery,Fog,9141,71,0.97,2026-02-26 07:00:38,10,0,South Richardborough Hub,423,Low
PC-07038001,Swift,Clear,2109,98,0.85,2026-02-20 17:32:53,13,0,Jonesfort Hub,125,Medium
Kw-07166150,Swift,Clear,5810,49,0.71,2026-02-10 06:41:08,13,0,South Katie Hub,205,Medium
BW-40668744,BlueDart,Clear,3315,33,0.5,2026-02-14 18:31:10,1,0,New Cindyview Hub,462,Low
vJ-53869689,Swift,Clear,11964,75,0.81,2026-02-06 06:29:12,84,1,Jacksonmouth Hub,365,Low
MR-08780427,Swift,Clear,12228,92,0.82,2026-02-19 10:12:22,15,0,South Catherineberg Hub,158,Low
DT-28376098,Delhivery,Clear,13366,60,0.89,2026-02-08 10:34:01,11,0,Jessicamouth Hub,78,Low
ye-11679653,Swift,Clear,12951,51,0.44,2026-02-24 00:44:28,1,0,Jonathanville Hub,354,High
NH-51596559,BlueDart,Heavy Rain,1797,59,0.12,2026-02-27 15:20:57,123,1,Philipport Hub,31,High
PM-57144582,Delhivery,Fog,5885,87,0.2,2026-02-10 14:14:35,111,1,Port Annefurt Hub,247,Low
Io-13554682,Delhivery,Clear,1239,62,0.11,2026-03-04 22:04:58,13,0,Wendymouth Hub,424,High
GF-18660813,Swift,Clear,519,69,0.69,2026-02-09 18:09:51,0,0,North Chelseaberg Hub,72,Medium
Ff-81577604,Swift,Fog,550,48,0.95,2026-03-03 17:06:00,49,1,Millerchester Hub,83,Low
aa-52979975,Delhivery,Cyclone,8699,99,0.79,2026-02-16 00:16:27,632,1,Lake Eric Hub,216,High
xb-76563975,Delhivery,Clear,13893,31,0.73,2026-02-16 17:12:47,4,0,Owensside Hub,405,Medium
Sn-85580566,Delhivery,Heavy Rain,9575,30,0.3,2026-02-20 21:52:20,1,0,Garciahaven Hub,435,Low
fO-40754333,BlueDart,Clear,3209,39,0.91,2026-03-06 09:38:50,94,1,West Kelly Hub,340,Low
FT-20118912,Delhivery,Fog,11313,56,0.33,2026-02-25 20:37:06,2,0,Adamsbury Hub,304,Low
id-06113954,Delhivery,Heavy Rain,13703,48,0.94,2026-02-19 07:05:23,59,1,West Stephanie Hub,139,Low
DO-88138097,Delhivery,Heavy Rain,13183,55,0.91,2026-03-05 18:39:25,3,0,Danielfurt Hub,193,Medium
Zs-78227767,Delhivery,Clear,14840,32,0.91,2026-03-05 06:35:11,9,0,West Ashleyland Hub,304,Low
Ik-83102616,Delhivery,Clear,12730,58,0.22,2026-03-01 02:19:02,8,0,Melissamouth Hub,270,High
ew-67630707,BlueDart,Heavy Rain,5725,51,0.75,2026-03-07 16:25:48,3,0,Stephaniemouth Hub,67,High
ia-86899848,Swift,Clear,7445,35,0.61,2026-03-07 10:15:21,9,0,Cynthiafort Hub,444,High
IF-11258804,Swift,Clear,878,64,0.18,2026-02-19 09:15:45,10,0,Keithmouth Hub,240,Medium
Qk-04108146,Delhivery,Heavy Rain,6305,41,0.12,2026-02-27 15:36:00,5,0,Andrewmouth Hub,248,Medium
PE-51825095,BlueDart,Clear,8039,44,0.34,2026-02-17 05:16:07,3,0,North Mollyville Hub,322,Medium
Mr-70587418,Swift,Fog,7745,35,0.98,2026-02-18 23:13:27,2,0,Ericamouth Hub,165,Low
lx-81437391,Delhivery,Clear,1379,40,0.49,2026-02-11 13:57:43,10,0,Summersside Hub,227,Medium
uN-02056642,Delhivery,Clear,1422,62,0.37,2026-03-06 17:14:15,10,0,Jacobmouth Hub,221,Medium
Yk-27300431,Swift,Heavy Rain,2246,64,0.59,2026-02-11 12:34:12,2,0,Nielsenfurt Hub,308,Low
Ek-39822876,BlueDart,Clear,13902,79,0.96,2026-03-08 10:48:33,0,0,Melissamouth Hub,471,High
KW-71726422,Delhivery,Clear,6278,45,0.25,2026-02-06 21:06:30,11,0,Darlenemouth Hub,299,Low
PK-47225728,Swift,Clear,11927,96,0.8,2026-02-21 11:13:30,9,0,Kellyfurt Hub,440,Medium
KD-86201649,Delhivery,Clear,8158,85,0.71,2026-02-20 04:25:32,9,0,Carrollbury Hub,59,Low
oR-77839393,Delhivery,Heavy Rain,1446,78,0.83,2026-02-09 01:32:01,11,0,South Jenniferfurt Hub,344,Low
Jd-47164146,Swift,Fog,13462,83,0.28,2026-02-08 07:16:45,5,0,Port Gary Hub,218,Medium
fR-95097871,BlueDart,Heavy Rain,6338,98,0.55,2026-02-09 04:30:47,94,1,Christopherview Hub,79,Low
sm-49809434,Delhivery,Heavy Rain,13330,54,0.75,2026-02-07 17:28:56,10,0,Scottborough Hub,377,Low
Sn-10840893,Delhivery,Clear,1139,100,0.85,2026-02-27 06:56:02,7,0,Jenniferborough Hub,496,High
mO-20405505,BlueDart,Clear,3274,74,0.47,2026-02-09 11:11:24,1,0,Port Candice Hub,14,Medium
DA-27769796,Delhivery,Heavy Rain,6563,98,0.51,2026-02-17 17:57:04,1,0,Crystaltown Hub,466,Medium
uD-65441294,BlueDart,Clear,6537,53,0.15,2026-02-07 23:05:08,5,0,New Michael Hub,185,Low
Qa-98006010,Swift,Clear,2077,75,0.22,2026-02-10 20:47:36,4,0,South Jack Hub,383,Medium
hg-88749018,BlueDart,Clear,2927,98,0.1,2026-03-01 11:09:11,3,0,Port Teresa Hub,424,Low
zc-57004875,Swift,Heavy Rain,7997,77,0.7,2026-02-21 00:20:41,9,0,Angelaville Hub,171,Medium
Ti-47471854,Delhivery,Clear,14670,73,0.18,2026-02-08 04:15:01,11,0,Davisfurt Hub,406,High
bV-54123205,Swift,Clear,8123,42,0.47,2026-02-12 01:07:18,13,0,North Veronica Hub,227,Low
DJ-66804514,Delhivery,Clear,10236,83,0.17,2026-02-23 23:21:40,6,0,South Jessicaside Hub,297,Medium
Ur-85731099,Swift,Clear,13510,39,0.56,2026-02-13 16:44:32,9,0,Martinfort Hub,482,High
RD-74266087,Delhivery,Cyclone,11862,47,0.18,2026-02-13 14:36:47,361,1,Gregoryfort Hub,282,High
IF-48836154,Swift,Cyclone,5867,73,0.45,2026-03-04 16:57:36,664,1,New Ericmouth Hub,452,Low
eM-84778844,BlueDart,Fog,7056,74,0.68,2026-02-10 11:09:52,15,0,East Danielleport Hub,252,High
Oi-53436168,Delhivery,Clear,14938,34,0.56,2026-02-15 07:15:15,167,1,Keithview Hub,404,Medium
ph-91477623,BlueDart,Clear,10345,85,0.28,2026-02-08 13:15:49,10,0,Wadetown Hub,149,Low
kf-94589089,BlueDart,Clear,1589,75,0.85,2026-03-08 06:11:35,8,0,Lake Donna Hub,80,Medium
uR-60633000,Delhivery,Clear,2155,57,0.65,2026-02-25 19:14:57,9,0,South Stephanie Hub,147,Medium
vG-35637711,BlueDart,Fog,6855,84,0.4,2026-02-23 15:19:10,0,0,North Lisaborough Hub,154,Low
aJ-09613561,BlueDart,Clear,11824,86,0.42,2026-02-11 08:33:37,142,1,New Kelly Hub,380,Low
Rp-33158187,Delhivery,Heavy Rain,7551,37,0.86,2026-03-03 00:46:28,4,0,West Tara Hub,248,Medium
RW-66194922,Delhivery,Clear,11564,74,0.69,2026-02-28 10:27:03,3,0,Kaylafurt Hub,162,Low
FZ-20188543,Swift,Cyclone,4545,81,0.67,2026-03-03 19:25:38,499,1,Reyesberg Hub,242,High
Rw-91590864,Delhivery,Clear,4997,31,0.74,2026-02-22 18:33:45,0,0,Tonyatown Hub,153,High
pG-14178680,Delhivery,Fog,14232,58,0.49,2026-02-14 09:59:10,7,0,Port Tracy Hub,378,Medium
lC-70590450,Swift,Fog,4519,54,0.87,2026-02-15 21:16:20,13,0,West Kelseymouth Hub,397,Low
PD-46771139,Delhivery,Heavy Rain,10971,34,0.33,2026-02-28 22:20:24,12,0,South Debra Hub,279,Medium
cc-20325208,Swift,Heavy Rain,14965,36,0.99,2026-02-19 03:03:12,11,0,Anthonyside Hub,149,Medium
sH-98474238,Delhivery,Clear,907,39,0.14,2026-02-26 02:24:45,5,0,North Jamesstad Hub,61,Medium
Af-31958182,Swift,Clear,12252,88,0.46,2026-02-24 02:20:01,9,0,South Taraburgh Hub,434,Low
ka-37502198,Delhivery,Clear,6019,98,0.42,2026-02-18 12:05:40,13,0,Barbaraberg Hub,332,Low
DL-14900329,BlueDart,Clear,7936,74,0.41,2026-02-17 08:23:32,12,0,Draketon Hub,11,High
Se-18831113,BlueDart,Clear,1617,33,0.89,2026-02-08 00:17:49,5,0,Johnsonstad Hub,297,Low
in-62304019,BlueDart,Clear,13969,42,0.13,2026-03-05 06:06:10,14,0,Lake Jasonshire Hub,263,High
TS-33031463,BlueDart,Clear,10658,64,0.82,2026-03-05 21:42:36,0,0,West Angelaland Hub,353,Medium
SF-52373885,Delhivery,Clear,11699,79,0.24,2026-03-07 00:01:44,11,0,Kingchester Hub,380,Low
CB-09964566,Delhivery,Clear,5627,75,0.73,2026-02-16 10:17:57,3,0,Rachelport Hub,96,Medium
Wm-75831833,BlueDart,Clear,13766,58,0.69,2026-02-25 10:26:21,5,0,Savannahport Hub,55,Low
hS-46466914,Swift,Clear,5197,88,0.33,2026-02-26 01:43:13,153,1,Port Johnside Hub,473,High
iv-98137450,Swift,Clear,3699,55,0.49,2026-02-20 15:12:51,8,0,Lake Christopher Hub,443,Low
bf-43731530,Swift,Heavy Rain,14000,63,0.96,2026-02-11 05:25:46,3,0,Jamesview Hub,74,Medium
Vr-20223145,Swift,Clear,9289,90,0.55,2026-03-07 12:42:49,12,0,Garciaborough Hub,178,Low
AI-45944013,BlueDart,Heavy Rain,8274,70,0.16,2026-03-02 04:56:13,152,1,Parksview Hub,160,Medium
FW-98700654,BlueDart,Fog,13024,58,0.31,2026-02-24 00:41:55,6,0,Lake Jon Hub,235,High
SM-78539510,BlueDart,Clear,9861,69,0.45,2026-02-28 20:25:59,12,0,Christinemouth Hub,117,High
nx-11953402,Delhivery,Clear,6945,44,0.95,2026-03-05 19:48:37,150,1,Port Stephen Hub,104,Low
Ip-75458388,Swift,Clear,3410,86,0.79,2026-02-08 02:53:07,0,0,North Ericstad Hub,53,Medium
UE-20831000,BlueDart,Clear,11378,84,0.63,2026-03-02 06:14:06,13,0,East Nicholas Hub,174,Low
lN-68800289,Delhivery,Clear,12300,40,0.85,2026-03-07 09:16:44,11,0,West John Hub,297,High
eG-55221431,Delhivery,Clear,14000,77,1.0,2026-03-03 10:13:03,3,0,Ronaldside Hub,296,High
om-98370862,Swift,Clear,12394,100,0.68,2026-03-03 01:56:26,12,0,East Davidborough Hub,484,High
Mb-96186031,Swift,Fog,1490,68,0.2,2026-02-18 16:23:26,5,0,Jacquelineborough Hub,389,Low
Lq-99241444,Delhivery,Clear,6581,98,0.24,2026-02-11 12:40:09,76,1,New Kyleview Hub,422,Medium
Tv-56900023,Delhivery,Clear,1401,53,0.51,2026-02-25 10:43:56,11,0,Lake Rachael Hub,451,Low
bk-01147413,Delhivery,Heavy Rain,3493,100,0.76,2026-03-01 17:03:45,6,0,Port Lisa Hub,375,High
sw-15696618,Swift,Clear,9896,40,0.91,2026-03-01 19:55:35,133,1,Rachelland Hub,464,Medium
bg-87677571,BlueDart,Heavy Rain,9106,75,0.12,2026-02-12 07:39:58,5,0,Leefurt Hub,150,Medium
cj-05246538,Swift,Clear,1595,94,0.34,2026-03-01 07:59:41,14,0,South Mariaborough Hub,213,Low
HM-36947703,Swift,Clear,6651,62,0.54,2026-02-14 02:56:34,4,0,Andrewton Hub,386,Low
NO-32997068,Swift,Clear,6009,77,0.83,2026-02-20 19:19:06,91,1,Johnsonside Hub,353,High
VN-96919799,Swift,Heavy Rain,1826,98,0.34,2026-02-22 09:10:48,12,0,North Carl Hub,318,High
pu-02433190,Swift,Clear,1553,32,0.82,2026-03-06 08:32:45,15,0,Port Diane Hub,492,Medium
Jc-22016325,Swift,Clear,10380,83,0.71,2026-02-25 13:51:15,9,0,South Michelleburgh Hub,268,Medium
kY-11414788,Delhivery,Clear,12668,85,0.12,2026-02-26 00:03:37,9,0,Nancyberg Hub,57,Medium
bA-96562037,Delhivery,Clear,14005,42,0.57,2026-02-19 03:28:35,12,0,West Jeremyfurt Hub,117,Low
XJ-27786933,Swift,Heavy Rain,7455,86,0.42,2026-02-11 07:18:33,131,1,Adamsbury Hub,416,Medium
Dy-02862854,Swift,Clear,6754,35,0.51,2026-02-13 09:25:21,2,0,Jenkinstown Hub,469,Medium
ST-01573603,BlueDart,Clear,7937,81,0.76,2026-02-27 13:16:10,7,0,Lake Marcia Hub,391,High
mb-51943681,BlueDart,Cyclone,4728,62,0.6,2026-02-18 14:54:46,691,1,Reidmouth Hub,499,Medium
mg-99099780,BlueDart,Heavy Rain,2626,75,0.26,2026-02-10 08:58:09,10,0,Markside Hub,90,High
qr-35482725,Swift,Clear,11859,33,0.21,2026-02-08 14:22:29,12,0,New Lauraview Hub,256,High
nb-65159784,Delhivery,Clear,3632,60,0.91,2026-02-18 22:33:01,79,1,West Tony Hub,299,High
La-89294734,BlueDart,Heavy Rain,6009,87,0.76,2026-02-25 22:37:48,101,1,New Rachel Hub,271,Medium
FS-35433096,Delhivery,Clear,5232,91,0.62,2026-02-20 23:51:14,10,0,West Breanna Hub,471,Low
Zh-71347145,BlueDart,Clear,11367,85,0.95,2026-03-01 22:01:05,0,0,New Jenna Hub,455,Low
au-69326059,Swift,Heavy Rain,1235,45,0.53,2026-02-27 16:01:23,15,0,South Adam Hub,45,Low
mh-43719905,Swift,Clear,13468,48,0.99,2026-02-12 06:56:19,4,0,Leestad Hub,500,Medium
ti-75123503,Delhivery,Clear,10443,56,0.9,2026-02-09 19:21:18,12,0,Smithbury Hub,206,Medium
hs-86961998,Delhivery,Clear,5155,57,0.11,2026-03-06 09:14:30,7,0,New Hannahberg Hub,110,Low
dV-92848337,BlueDart,Heavy Rain,4482,89,0.99,2026-02-09 23:44:14,89,1,East Tracihaven Hub,471,Low
Rn-66426286,Delhivery,Heavy Rain,1584,82,0.87,2026-02-28 06:28:13,14,0,Brooksport Hub,290,Medium
Jl-23072628,BlueDart,Cyclone,8971,89,0.22,2026-02-17 07:52:19,539,1,New Kathy Hub,500,Medium
iD-45126959,Delhivery,Cyclone,10028,98,0.81,2026-03-02 23:26:28,547,1,Lake Joshuaview Hub,419,Medium
us-39472411,BlueDart,Heavy Rain,869,87,0.56,2026-02-23 07:21:32,1,0,Lake Leslie Hub,311,Low
UY-98429714,Delhivery,Fog,6694,87,0.29,2026-02-12 20:09:23,131,1,East Brandon Hub,405,Medium
xA-22986028,Swift,Clear,5900,94,0.5,2026-02-11 22:22:00,15,0,Stoutbury Hub,482,Low
Tl-61485226,Swift,Fog,1466,79,0.37,2026-02-15 20:31:04,11,0,South Amy Hub,212,High
cM-22525066,Swift,Fog,7785,97,0.59,2026-02-10 16:33:57,4,0,North Cherylville Hub,365,Medium
Pq-78419226,Swift,Clear,8083,67,0.13,2026-02-09 14:32:36,13,0,West Glennbury Hub,316,High
YU-47492607,Swift,Clear,7399,96,0.89,2026-03-02 23:23:49,130,1,Brownfort Hub,401,Low
PR-96616353,Swift,Clear,566,63,0.52,2026-03-08 16:53:16,120,1,Matthewport Hub,319,Low
ng-13066981,BlueDart,Clear,11419,97,0.32,2026-03-05 08:11:45,4,0,Amandaton Hub,60,Medium
LG-88461303,BlueDart,Clear,14971,86,0.79,2026-03-08 21:42:47,109,1,Shepherdborough Hub,482,Low
qH-86420484,Delhivery,Clear,1339,62,0.6,2026-03-06 14:21:44,5,0,North Douglas Hub,280,Low
uL-98797605,Delhivery,Clear,4206,84,0.53,2026-02-25 00:32:06,6,0,Patriciaport Hub,345,Low
wm-43316738,Swift,Clear,11238,68,0.3,2026-02-20 13:50:43,4,0,North Katie Hub,398,High
eT-12137777,Swift,Clear,1213,89,0.3,2026-03-07 10:54:22,6,0,Johnton Hub,58,Medium
xc-71066689,Swift,Clear,737,31,0.94,2026-03-02 05:32:05,10,0,Lake Ericport Hub,116,Medium
kK-10181164,BlueDart,Heavy Rain,5320,41,0.57,2026-02-22 04:42:43,12,0,Roseside Hub,462,Medium
cC-26003044,Delhivery,Fog,14270,68,0.28,2026-02-15 09:58:51,4,0,South Bobside Hub,71,Low
bc-79322533,Swift,Clear,6288,97,0.21,2026-02-14 14:36:20,11,0,Richardmouth Hub,438,High
fE-93060631,Swift,Clear,2711,42,0.72,2026-02-17 10:28:22,5,0,South Michael Hub,24,Medium
px-61132532,Delhivery,Clear,1884,76,0.63,2026-03-07 11:03:06,3,0,Angelachester Hub,309,Medium
cA-05997844,BlueDart,Clear,11784,80,0.93,2026-02-08 04:32:15,139,1,Guzmanton Hub,320,High
WP-60332555,Delhivery,Clear,4262,88,0.15,2026-02-17 10:04:58,175,1,Georgeside Hub,78,High
fD-93300109,BlueDart,Clear,910,99,0.79,2026-03-05 06:26:07,7,0,New Steven Hub,294,Low
iM-93526021,BlueDart,Clear,4777,78,0.31,2026-02-24 09:31:03,1,0,Timothyhaven Hub,171,High
Dz-29066353,Delhivery,Clear,11528,55,0.66,2026-02-24 09:42:09,10,0,Joseborough Hub,159,Low
cH-48271720,BlueDart,Heavy Rain,2381,56,0.13,2026-02-18 16:37:41,9,0,Tommyfort Hub,360,High
gV-07095697,BlueDart,Clear,9691,31,0.22,2026-02-14 07:27:22,151,1,South Michaelstad Hub,87,Medium
KT-39506383,Swift,Clear,4618,92,0.66,2026-02-15 07:03:23,159,1,East Garretttown Hub,376,Medium
tL-64098776,Delhivery,Clear,5402,83,0.22,2026-03-01 23:37:55,10,0,West Dennisborough Hub,186,Medium
or-28994638,Delhivery,Clear,3678,71,0.42,2026-02-25 10:28:40,7,0,Gregoryside Hub,424,Medium
Ba-86832950,BlueDart,Clear,14101,89,0.24,2026-02-20 00:26:59,8,0,New Juliaborough Hub,293,High
iG-68172417,BlueDart,Clear,1557,31,0.18,2026-02-26 14:46:50,13,0,Williamsview Hub,81,High
TT-14935606,Swift,Clear,2977,47,0.62,2026-02-18 04:06:37,2,0,Wilsonburgh Hub,253,Low
Hp-41361182,Delhivery,Heavy Rain,7986,58,0.12,2026-02-26 03:31:50,4,0,West Kevin Hub,336,High
TD-30807843,Swift,Heavy Rain,5061,48,0.49,2026-02-17 08:04:16,12,0,Sabrinaport Hub,89,High
Gk-52343323,Delhivery,Clear,13442,75,0.34,2026-02-10 01:12:24,5,0,North Gina Hub,299,Low
iV-35675785,BlueDart,Clear,1421,39,0.32,2026-03-07 14:11:27,3,0,South Ralph Hub,87,Medium
Hv-54676436,Delhivery,Clear,6571,80,0.51,2026-02-06 15:34:12,12,0,Salinasstad Hub,172,High
dX-74435442,Swift,Clear,9195,70,0.1,2026-03-04 12:12:51,12,0,Stephaniechester Hub,138,Low
yR-01240899,Swift,Heavy Rain,9313,33,0.63,2026-03-03 05:15:54,15,0,West Lisa Hub,41,Medium
au-46813009,Delhivery,Clear,14656,91,0.86,2026-02-19 04:08:08,180,1,Carrshire Hub,114,High
hA-08388324,BlueDart,Clear,14237,41,0.25,2026-03-08 12:23:02,10,0,East Joshua Hub,307,Low
Bp-10236615,Swift,Clear,3934,31,0.16,2026-03-04 05:29:20,2,0,East Kristinachester Hub,219,Medium
aC-19940366,BlueDart,Fog,14137,97,0.48,2026-02-20 01:08:02,92,1,Kimberlyton Hub,158,High
RC-83646800,BlueDart,Clear,4778,63,0.63,2026-02-09 22:15:03,0,0,Allenland Hub,292,Low
Fu-63408292,Swift,Fog,2219,54,0.48,2026-02-22 03:55:27,77,1,Port Matthewberg Hub,171,Low
pz-96734254,Delhivery,Clear,822,42,0.93,2026-03-02 23:11:41,125,1,Michaelmouth Hub,389,High
zQ-92721797,Delhivery,Heavy Rain,8196,32,0.28,2026-03-03 01:23:11,14,0,Port Stevenhaven Hub,13,High
Cr-08831315,BlueDart,Clear,8183,35,0.64,2026-03-06 02:57:30,15,0,North Dannybury Hub,68,High
Ep-75284098,Delhivery,Clear,12123,78,0.49,2026-02-09 22:30:44,13,0,South Joshua Hub,307,Low
UD-01343960,Delhivery,Clear,7230,74,0.56,2026-02-12 00:13:44,14,0,West Patrickchester Hub,139,Medium
yl-00532464,Swift,Clear,10193,66,0.61,2026-03-07 01:08:48,79,1,Michellemouth Hub,73,Medium
SU-64795240,Delhivery,Clear,1655,92,0.6,2026-02-11 00:19:58,173,1,Coleville Hub,170,Medium
CB-84164419,Delhivery,Heavy Rain,12776,53,0.86,2026-02-27 22:10:59,1,0,Staceyshire Hub,155,High
pJ-65904714,Delhivery,Fog,7453,65,0.61,2026-02-25 21:37:53,3,0,West Tiffany Hub,210,Low
jV-93914067,Delhivery,Heavy Rain,12541,75,0.85,2026-02-21 06:14:27,14,0,New Kimberlychester Hub,110,Low
yb-20478485,Swift,Clear,13216,75,0.5,2026-02-07 23:03:16,14,0,West Beth Hub,301,High
CR-18400714,BlueDart,Heavy Rain,8308,92,0.56,2026-03-06 08:49:02,105,1,New Triciaberg Hub,394,Medium
jQ-61017012,Swift,Fog,1747,54,0.41,2026-02-08 18:50:10,8,0,Morganfurt Hub,414,Medium
Wf-78778044,Swift,Clear,14232,47,0.5,2026-02-18 02:20:44,2,0,New Joseph Hub,491,High
ej-08618753,Delhivery,Cyclone,10543,72,0.96,2026-02-12 12:45:20,695,1,Rebeccamouth Hub,429,Low
lJ-21858745,BlueDart,Clear,11320,50,0.35,2026-02-07 03:48:14,5,0,North Joseph Hub,378,Low
zc-19688581,Swift,Fog,1840,76,0.76,2026-02-24 21:02:33,7,0,Lake James Hub,446,Low
Fd-11928628,Swift,Clear,8424,46,0.62,2026-02-13 22:17:50,5,0,Dillonberg Hub,340,Low
eL-28905258,Delhivery,Heavy Rain,10525,72,0.85,2026-03-07 13:26:50,2,0,New Alyssastad Hub,271,Low
qt-91977161,Delhivery,Clear,4286,95,0.14,2026-02-26 08:43:29,61,1,Port Taraborough Hub,195,Low
Mu-88777051,Swift,Clear,10941,50,0.25,2026-03-01 01:57:31,15,0,Lake Rachelshire Hub,434,Low
lL-33962020,Delhivery,Heavy Rain,1423,70,0.68,2026-02-21 18:45:50,6,0,Leeville Hub,323,Low
lP-46137743,Delhivery,Clear,642,54,0.15,2026-02-11 15:35:30,0,0,Lewisborough Hub,364,High
Fz-27074803,Swift,Fog,7232,97,0.95,2026-02-25 18:59:55,15,0,Wilkinsburgh Hub,263,Low
cP-11432240,Swift,Fog,14018,68,0.78,2026-03-07 14:56:40,1,0,Nicoleton Hub,447,High
Dh-85698983,Delhivery,Heavy Rain,11083,88,0.24,2026-02-22 18:17:11,0,0,East Katherinemouth Hub,313,High
Yp-04645377,Delhivery,Clear,4774,67,0.59,2026-02-23 00:03:41,9,0,Whitehaven Hub,355,High
he-89200035,BlueDart,Clear,3245,98,0.53,2026-02-18 14:02:02,6,0,East Kayla Hub,271,Medium
dU-57477609,Swift,Cyclone,7983,96,0.39,2026-02-25 04:33:19,320,1,Reedshire Hub,17,Medium
Zd-19826278,Delhivery,Fog,12524,60,0.32,2026-02-14 22:36:00,7,0,Patrickland Hub,204,Low
zP-50900986,BlueDart,Clear,14320,36,0.26,2026-02-26 09:42:14,10,0,Stephanietown Hub,204,Low
pZ-80504873,Delhivery,Clear,14801,48,0.15,2026-02-24 23:41:19,1,0,New Teresashire Hub,148,Low
bX-37698475,BlueDart,Heavy Rain,2428,85,0.15,2026-03-07 21:43:42,8,0,Gainesview Hub,262,Low
BB-38298686,BlueDart,Heavy Rain,2116,56,0.13,2026-02-23 03:39:29,0,0,Lake Sandraburgh Hub,116,High
sc-54523776,Delhivery,Clear,10107,46,0.57,2026-03-01 06:13:21,9,0,New Tammy Hub,325,Low
ES-70197209,Swift,Fog,9944,38,0.87,2026-03-05 04:05:58,11,0,West Garyview Hub,33,Medium
lz-11986649,BlueDart,Clear,14007,95,0.11,2026-03-04 08:27:20,9,0,Pittmanport Hub,370,Medium
Ko-99509229,Swift,Clear,6486,93,0.19,2026-02-07 20:49:49,61,1,East Michelebury Hub,472,High
eP-01268140,Swift,Clear,13188,56,0.37,2026-02-10 08:37:16,7,0,Port Abigailville Hub,148,High
xw-49339904,BlueDart,Heavy Rain,11891,89,0.46,2026-02-11 10:54:57,79,1,Danielleland Hub,30,Medium
XH-73728167,Swift,Heavy Rain,12386,94,0.48,2026-02-21 03:20:19,110,1,Richardfurt Hub,266,Medium
zK-51393078,Swift,Heavy Rain,10954,64,0.74,2026-02-25 06:26:30,5,0,South Ericborough Hub,279,High
Vv-89819594,Delhivery,Cyclone,7549,93,0.34,2026-02-07 12:29:39,343,1,North Jeremy Hub,70,Low
ty-68425581,BlueDart,Heavy Rain,5163,32,0.26,2026-02-26 13:10:13,128,1,Port Frankville Hub,112,Medium
Ak-83039010,BlueDart,Clear,12976,66,0.28,2026-03-02 14:29:00,13,0,New Williamfurt Hub,64,High
Wb-78169108,BlueDart,Fog,10230,52,0.17,2026-02-09 02:23:21,8,0,Bergburgh Hub,427,Medium
Qw-61540098,BlueDart,Clear,5543,62,0.74,2026-02-23 09:18:42,13,0,East Marymouth Hub,212,Medium
kK-85704336,BlueDart,Clear,12937,69,0.91,2026-02-07 23:36:35,1,0,North Cynthiashire Hub,238,Low
yl-66023110,Delhivery,Fog,5330,61,0.43,2026-02-25 20:07:10,15,0,North Elizabethfurt Hub,137,Low
ay-68304582,Swift,Clear,2539,91,0.95,2026-02-18 21:23:19,139,1,East Trevormouth Hub,440,Medium
TW-60089472,Delhivery,Fog,1121,54,0.49,2026-03-06 19:32:51,8,0,Jenniferside Hub,120,Medium
fm-36347616,BlueDart,Clear,11483,54,0.65,2026-02-08 19:21:04,4,0,Lake Michaelland Hub,253,High
Nx-27976753,Delhivery,Fog,2092,54,0.84,2026-02-11 09:42:50,9,0,North Samantha Hub,212,High
ep-20618841,BlueDart,Clear,3476,51,0.94,2026-03-06 19:10:34,12,0,Hillburgh Hub,17,Medium
XQ-55792016,Delhivery,Fog,2779,65,0.21,2026-02-22 19:08:47,5,0,Lake Elizabethtown Hub,112,Low
ws-30039955,BlueDart,Clear,12498,100,0.26,2026-02-26 11:42:49,12,0,Matthewfurt Hub,22,Low
eb-19381633,Delhivery,Fog,12706,43,0.73,2026-02-23 02:40:34,6,0,Bowmanfort Hub,248,Low
uj-42501329,Swift,Clear,8199,62,0.72,2026-02-20 05:34:53,15,0,Piercehaven Hub,24,High
kd-51091877,Delhivery,Clear,6499,73,0.33,2026-03-08 16:38:30,6,0,Rodneyton Hub,48,Low
Xp-21038678,Swift,Clear,644,38,0.65,2026-03-07 23:11:10,10,0,New Markport Hub,79,High
iE-57387339,Delhivery,Clear,3597,87,0.24,2026-03-06 08:08:03,13,0,Reneeborough Hub,32,Medium
NA-36063892,BlueDart,Cyclone,10442,72,0.71,2026-02-24 07:05:52,11,0,West Erikaport Hub,196,Low
Ja-56306839,BlueDart,Clear,7655,96,0.76,2026-03-02 11:39:17,0,0,Lisaside Hub,75,High
aH-85843084,Swift,Clear,3273,59,0.48,2026-03-07 12:22:47,10,0,Robinsonland Hub,473,Low
Fq-59026723,Swift,Clear,11942,43,0.96,2026-03-02 02:11:25,3,0,Port Michelle Hub,269,Medium
DD-49357878,Swift,Clear,12632,92,0.75,2026-02-11 11:37:14,10,0,Erinmouth Hub,46,Low
uP-16688496,Delhivery,Clear,10927,82,0.54,2026-02-11 12:47:18,3,0,North Scottton Hub,168,Low
zt-35190321,BlueDart,Heavy Rain,2312,81,0.56,2026-02-10 22:53:19,155,1,Danielberg Hub,423,Low
vm-31512194,BlueDart,Clear,12699,30,0.64,2026-02-21 21:40:12,9,0,Jamesland Hub,459,High
NG-74656616,BlueDart,Heavy Rain,7798,83,0.35,2026-02-08 10:47:23,6,0,Josephtown Hub,341,Medium
Uc-33810289,BlueDart,Clear,10161,52,0.96,2026-02-10 08:31:48,102,1,South Cherylfurt Hub,76,Low
dC-58360861,Delhivery,Heavy Rain,7154,32,0.3,2026-03-05 14:55:34,10,0,Rebeccaberg Hub,198,Low
dm-65277942,BlueDart,Fog,5718,33,0.7,2026-02-13 22:41:07,6,0,Hoffmanfurt Hub,461,Low
Ml-99627237,BlueDart,Clear,9925,47,0.29,2026-03-01 14:22:03,5,0,East Amyberg Hub,500,High
oc-00983878,Swift,Fog,4603,94,0.17,2026-03-05 18:14:13,123,1,Charlesshire Hub,36,Medium
SH-69840342,BlueDart,Clear,11211,50,0.77,2026-02-13 00:23:09,12,0,Alexfort Hub,365,Low
vb-15509676,Swift,Clear,13511,95,0.4,2026-02-27 21:08:03,7,0,Ambertown Hub,142,Medium
xa-24328441,BlueDart,Heavy Rain,12811,74,0.14,2026-03-06 04:09:25,151,1,Port Tracyhaven Hub,50,Medium
yC-03264975,BlueDart,Fog,10869,38,0.89,2026-02-07 23:44:30,14,0,Aaronfurt Hub,455,Low
qp-95885065,Delhivery,Heavy Rain,7738,83,0.25,2026-02-10 09:37:04,2,0,Wattsland Hub,207,Low
EV-65897115,Delhivery,Heavy Rain,7340,66,0.32,2026-02-20 16:07:39,3,0,Port Meganmouth Hub,218,Medium
KB-13429413,Delhivery,Fog,2264,53,0.36,2026-02-27 00:50:55,5,0,North Shawn Hub,300,Medium
Kp-30226033,Delhivery,Heavy Rain,12866,34,0.52,2026-02-18 22:37:37,5,0,Blackchester Hub,15,Medium
If-34212479,Swift,Clear,8017,75,0.57,2026-02-18 03:17:21,13,0,Collierfurt Hub,464,High
ZJ-37434605,Delhivery,Clear,5073,92,0.19,2026-02-10 17:58:26,172,1,Oliviaport Hub,15,Medium
vV-63287004,BlueDart,Cyclone,11982,34,0.94,2026-02-16 01:02:50,340,1,Gailfort Hub,53,High
lc-72481700,BlueDart,Clear,4212,69,0.79,2026-03-02 19:25:05,3,0,Matthewville Hub,491,High
Cd-07101109,Swift,Clear,6915,51,0.42,2026-03-08 17:20:02,10,0,North Ashley Hub,233,High
cv-65203206,Swift,Clear,12988,71,0.35,2026-02-16 21:58:32,12,0,Gutierrezshire Hub,140,High
uL-56257014,Delhivery,Clear,11054,82,0.67,2026-02-18 04:44:40,14,0,Aguilarchester Hub,496,High
om-51819854,Swift,Clear,778,98,0.54,2026-02-07 16:09:01,8,0,West Michael Hub,244,Low
nM-75239765,Swift,Clear,14273,39,0.26,2026-02-20 07:37:43,12,0,Hayeston Hub,59,High
RE-67512544,Swift,Clear,4135,34,0.76,2026-02-14 19:22:46,6,0,Angelatown Hub,34,High
yx-44793695,BlueDart,Clear,1135,68,0.67,2026-02-28 11:38:39,9,0,North James Hub,157,Medium
Kj-27500909,Swift,Clear,10129,30,0.63,2026-02-08 13:36:39,9,0,South Tiffany Hub,165,Medium
HO-37583200,Swift,Fog,11525,64,0.72,2026-02-23 13:08:57,15,0,Rachelland Hub,249,High
Id-45494124,BlueDart,Clear,4178,83,0.89,2026-02-27 00:18:07,11,0,Novakville Hub,282,High
Xo-12343297,Swift,Fog,3726,68,0.55,2026-02-22 09:09:56,8,0,North Bradley Hub,499,High
eM-62122538,Swift,Fog,1990,91,0.87,2026-02-27 02:13:35,83,1,Stephanieview Hub,121,High
vT-26971967,Swift,Clear,10616,54,0.48,2026-02-11 14:50:26,7,0,Ashleyport Hub,276,High
lL-66531687,Swift,Cyclone,6551,54,0.87,2026-02-11 23:25:39,703,1,Stanleychester Hub,446,Medium
ov-93078312,Delhivery,Clear,9335,45,0.54,2026-02-23 18:54:01,72,1,New Troy Hub,319,High
wm-65614860,BlueDart,Clear,14642,62,0.4,2026-02-23 14:21:15,123,1,Lake Royborough Hub,302,Medium
oG-17607807,BlueDart,Clear,13280,52,0.59,2026-03-07 16:38:29,2,0,Port Stacieton Hub,217,High
Wj-48092403,Swift,Heavy Rain,13812,38,0.52,2026-02-22 04:14:03,10,0,Fernandezfurt Hub,334,Low
hT-35898067,Delhivery,Clear,5583,39,0.63,2026-02-24 02:29:09,0,0,Brendatown Hub,191,Medium
mq-13707338,Swift,Clear,582,92,0.81,2026-03-08 08:59:14,0,0,South Nicholasland Hub,208,High
kV-49160825,Delhivery,Heavy Rain,11713,53,0.61,2026-02-06 15:59:19,10,0,North Andrewville Hub,231,Medium
Lb-82921724,Swift,Clear,10909,36,0.2,2026-03-03 10:00:42,3,0,East Jonathanshire Hub,458,High
cI-32897999,BlueDart,Clear,10201,75,0.26,2026-02-27 08:11:39,7,0,Port Robertfort Hub,292,Low
OQ-08353563,BlueDart,Clear,7142,52,0.3,2026-03-05 18:19:43,7,0,Port Luke Hub,445,High
lZ-01198432,Swift,Clear,4894,81,0.69,2026-03-01 21:02:40,2,0,West Granttown Hub,238,Medium
Gg-21419507,Delhivery,Clear,5905,96,0.35,2026-02-15 05:13:24,10,0,Smithside Hub,424,High
yo-00607519,BlueDart,Clear,2112,36,0.79,2026-02-15 01:25:48,2,0,West Mitchell Hub,312,High
Oq-94992009,BlueDart,Clear,13152,60,0.16,2026-02-14 16:24:06,11,0,South Tylerburgh Hub,307,Medium
YM-20649544,BlueDart,Clear,7321,34,0.42,2026-02-27 16:16:29,0,0,Port Ana Hub,207,Low
Rr-56671859,Delhivery,Clear,14937,61,0.54,2026-02-15 18:36:32,8,0,Lake Darren Hub,35,Medium
we-62428484,Delhivery,Heavy Rain,13998,35,0.38,2026-02-21 00:05:33,5,0,New Daniel Hub,256,Low
Lx-49721025,Swift,Fog,14120,70,0.88,2026-02-07 19:36:45,121,1,Simmonsbury Hub,460,Low
UZ-62859123,BlueDart,Clear,12789,69,0.18,2026-02-10 16:00:39,9,0,Marthaville Hub,312,High
XY-45344856,BlueDart,Fog,8759,69,0.84,2026-03-04 04:55:31,14,0,Chelseamouth Hub,137,Medium
TV-38476786,BlueDart,Clear,6942,98,0.36,2026-02-12 04:57:27,1,0,East Paul Hub,13,High
CR-41599388,Delhivery,Clear,611,35,0.37,2026-02-12 23:42:04,14,0,Ericstad Hub,260,Medium
dC-61886891,Swift,Clear,9269,82,0.18,2026-03-03 03:20:43,14,0,Carlosview Hub,370,High
oq-74318555,Delhivery,Clear,3284,32,0.6,2026-02-19 01:10:54,13,0,Chambersmouth Hub,285,Medium
cQ-76702632,BlueDart,Clear,10788,34,0.14,2026-02-20 18:51:38,6,0,West Brianside Hub,30,Low
gr-22571681,Delhivery,Cyclone,3227,65,0.15,2026-02-26 19:07:57,11,0,Pacefurt Hub,282,High
gn-87060386,BlueDart,Clear,12176,31,0.27,2026-03-03 18:20:03,8,0,Port Toni Hub,292,Low
yg-13192918,Delhivery,Heavy Rain,9125,98,0.23,2026-03-06 22:46:20,6,0,East Victor Hub,10,Low
Iv-34184278,Swift,Clear,11041,33,0.72,2026-02-27 03:39:58,14,0,Grantton Hub,21,High
aJ-18962398,Delhivery,Clear,13425,39,0.7,2026-03-08 00:50:38,15,0,North Kevin Hub,130,Low
IN-02417349,Swift,Heavy Rain,3376,89,0.9,2026-02-12 07:49:37,67,1,Lake Christinafurt Hub,500,High
SB-99437467,Swift,Clear,13759,43,0.86,2026-02-08 15:32:15,5,0,New Karaburgh Hub,75,Low
vt-56034767,BlueDart,Clear,4130,100,0.23,2026-03-05 20:50:28,90,1,Lake Jordanside Hub,148,High
XO-68875072,Swift,Clear,5116,83,0.24,2026-02-14 01:16:48,1,0,Greenborough Hub,170,High
ly-25691023,Delhivery,Clear,9071,39,0.68,2026-03-02 20:02:33,4,0,Katherinestad Hub,34,Medium
BS-99569897,Delhivery,Clear,3336,55,0.17,2026-02-17 07:04:30,8,0,New Jamesburgh Hub,117,Low
AE-17296251,Delhivery,Clear,10848,34,0.94,2026-02-22 15:21:55,6,0,Coopershire Hub,450,Low
WQ-15804745,BlueDart,Clear,4950,32,0.75,2026-03-04 03:54:29,4,0,South Kathleen Hub,440,High
tw-54949864,Delhivery,Cyclone,1057,38,0.33,2026-03-03 22:20:57,545,1,East Kimberlybury Hub,469,Medium
kC-03441610,Delhivery,Fog,14806,54,0.21,2026-03-03 13:09:48,8,0,Saunderschester Hub,116,Medium
VK-82545928,Delhivery,Clear,598,43,0.69,2026-02-14 06:53:50,9,0,Cookeland Hub,125,High
LO-66248073,Swift,Heavy Rain,14344,62,0.74,2026-02-15 03:58:55,2,0,North Martha Hub,272,Low
Vk-46140439,Delhivery,Heavy Rain,2113,39,0.34,2026-02-17 05:12:03,0,0,Pierceville Hub,408,Low
CG-47546027,Delhivery,Heavy Rain,2857,51,0.3,2026-02-24 08:26:01,7,0,West Jaredfurt Hub,85,Low
ce-93673373,Swift,Cyclone,2303,65,0.25,2026-02-20 09:44:11,0,0,West Josephville Hub,329,Medium
sA-56288686,Delhivery,Fog,11083,42,0.91,2026-02-11 19:51:19,2,0,Port Walterburgh Hub,453,High
WP-25065117,Delhivery,Heavy Rain,14950,67,0.23,2026-02-23 05:43:14,2,0,Kelseyfort Hub,202,High
EE-94701771,Delhivery,Fog,6861,34,0.71,2026-03-03 17:17:37,11,0,Blackfurt Hub,452,Medium
kv-66204036,Delhivery,Clear,9566,56,0.46,2026-02-12 01:47:19,5,0,Quinnborough Hub,393,High
EO-75061574,Swift,Heavy Rain,3109,51,0.59,2026-02-08 11:24:15,0,0,Craigville Hub,134,High
lE-36678090,BlueDart,Clear,14729,69,0.39,2026-02-15 11:30:45,10,0,Johnshire Hub,208,Low
Dd-68155194,Delhivery,Cyclone,2498,41,0.54,2026-02-09 19:02:34,537,1,East Cristina Hub,364,Medium
bv-62789592,Swift,Clear,8418,37,0.42,2026-02-27 03:36:10,4,0,Martinezborough Hub,71,Medium
Cx-45457843,Swift,Heavy Rain,13854,58,0.2,2026-02-24 01:44:57,6,0,Parkershire Hub,171,High
Vq-83856573,Delhivery,Heavy Rain,3068,50,0.46,2026-02-10 20:00:26,7,0,South Lauraland Hub,303,Medium
OL-42922811,Swift,Heavy Rain,11112,82,0.68,2026-02-22 22:08:58,8,0,Harringtonburgh Hub,182,Low
Xl-35166880,BlueDart,Heavy Rain,7476,60,0.29,2026-02-09 08:41:13,13,0,Waltonhaven Hub,423,Low
HT-10975659,Swift,Clear,4033,52,0.56,2026-02-25 07:33:29,5,0,Lake Kelseyview Hub,449,High
Th-42032059,BlueDart,Clear,778,71,0.87,2026-02-18 12:08:28,4,0,Lake Brandon Hub,152,Low
vg-10882570,BlueDart,Clear,513,95,0.99,2026-02-15 18:41:55,124,1,Stevenberg Hub,286,High
yA-91970115,Swift,Cyclone,8879,66,0.86,2026-02-21 23:21:47,522,1,South Toniview Hub,425,Medium
fM-74247958,Delhivery,Clear,4979,89,0.3,2026-02-07 23:51:18,11,0,North Nathanielland Hub,203,High
aq-97539674,Swift,Clear,4022,87,0.25,2026-03-05 23:09:34,3,0,New Michaela Hub,187,Low
nb-28232069,Delhivery,Clear,5143,93,0.9,2026-02-16 15:09:00,45,1,North Alicia Hub,353,High
RT-71439569,Delhivery,Clear,14443,77,0.68,2026-02-27 14:43:55,12,0,Hornmouth Hub,363,Medium
TS-93451541,BlueDart,Clear,3903,47,0.6,2026-03-02 16:25:53,9,0,Michaelstad Hub,107,High
ga-25315021,Swift,Clear,5131,62,0.11,2026-02-18 13:31:27,4,0,Robertside Hub,293,High
Kf-01208770,BlueDart,Fog,7467,35,0.88,2026-02-10 17:04:35,14,0,New Michael Hub,155,High
OJ-23258299,Delhivery,Heavy Rain,4099,91,0.74,2026-03-05 16:46:51,143,1,Curtisside Hub,354,High
jo-80687766,Delhivery,Clear,5541,80,0.4,2026-02-18 19:38:56,12,0,East Cathy Hub,36,Medium
Wx-51202400,Delhivery,Clear,2000,91,0.54,2026-02-19 14:03:54,134,1,East Carl Hub,164,Low
bK-79972611,BlueDart,Clear,11721,45,0.32,2026-02-14 10:39:26,14,0,Scottchester Hub,111,Low
eT-48452971,Swift,Fog,948,61,0.19,2026-02-26 17:15:17,3,0,North Robert Hub,358,High
AT-06451971,Swift,Clear,1819,36,0.75,2026-03-05 11:39:22,5,0,Weavershire Hub,208,Medium
SU-10804792,BlueDart,Clear,566,100,0.7,2026-02-08 15:19:13,13,0,South Karen Hub,263,Medium
gz-02941589,BlueDart,Heavy Rain,5878,48,0.73,2026-02-15 07:40:26,13,0,Donaldview Hub,317,Medium
fc-95698491,Delhivery,Clear,8978,91,0.78,2026-02-25 15:43:11,70,1,Kleinhaven Hub,182,Low
BJ-50003535,BlueDart,Fog,14644,67,0.83,2026-03-03 10:29:58,2,0,Gibsonhaven Hub,459,Medium
rg-22140102,Delhivery,Clear,9833,41,0.48,2026-03-05 05:25:58,8,0,Port Joseph Hub,447,High
sv-36221437,BlueDart,Clear,10451,91,0.85,2026-02-21 02:07:42,10,0,South Robert Hub,220,Low
ie-75236317,BlueDart,Clear,6384,36,0.85,2026-02-12 17:58:12,15,0,Port Mark Hub,134,Medium
GD-59386757,Swift,Clear,7869,83,0.88,2026-02-28 04:29:05,5,0,Port David Hub,365,Medium
Gs-86227569,BlueDart,Clear,7341,44,0.73,2026-02-15 19:46:14,1,0,Ericview Hub,180,Medium
ZL-01879793,Delhivery,Clear,14302,83,0.82,2026-02-24 02:43:58,9,0,North Jeffreyborough Hub,197,High
zk-10789680,Delhivery,Clear,2847,85,0.29,2026-02-20 08:17:19,14,0,West Amandaborough Hub,117,Medium
Pd-76232156,BlueDart,Fog,10543,44,0.67,2026-03-05 02:59:22,9,0,South Colleen Hub,275,High
tF-54257504,BlueDart,Heavy Rain,6524,99,0.92,2026-02-21 23:39:42,83,1,Port Larry Hub,270,Low
Pf-99771252,Delhivery,Clear,6738,53,0.36,2026-02-15 13:23:00,6,0,New Adamshire Hub,221,Low
vV-54638218,BlueDart,Fog,8310,93,0.57,2026-02-22 14:45:40,3,0,Mitchellshire Hub,206,Medium
nO-18853521,BlueDart,Heavy Rain,12041,64,0.24,2026-02-22 08:19:00,81,1,New Jillianburgh Hub,420,Medium
vg-01846987,Delhivery,Clear,1043,53,0.25,2026-02-21 04:27:04,6,0,East Dustintown Hub,331,Low
Vj-92602802,Delhivery,Clear,2079,32,0.21,2026-02-09 20:57:40,13,0,Port Jennifermouth Hub,316,Medium
QH-94451874,Swift,Clear,10406,75,0.96,2026-02-20 02:12:28,6,0,North Jacobton Hub,408,Medium
Dp-15272626,Swift,Cyclone,8578,84,0.29,2026-02-16 10:49:12,588,1,Stevenview Hub,367,High
lA-89463519,BlueDart,Clear,1535,92,0.28,2026-02-23 16:40:05,0,0,Lake Tara Hub,283,Medium
xH-04879968,Delhivery,Cyclone,12017,70,0.7,2026-03-02 00:00:50,579,1,Lake Sarah Hub,86,High
rB-27332955,Swift,Heavy Rain,6331,51,0.57,2026-02-25 07:01:57,13,0,East Royburgh Hub,348,Low
jZ-77263449,BlueDart,Clear,8488,48,0.65,2026-02-24 07:38:45,2,0,Cooperburgh Hub,150,High
qe-04846609,Delhivery,Heavy Rain,6812,61,0.93,2026-02-25 14:15:06,8,0,West Johnathanshire Hub,10,Low
BC-46980875,BlueDart,Heavy Rain,5745,89,0.67,2026-02-22 15:45:10,105,1,Jenniferberg Hub,324,Low
dG-02610930,Swift,Heavy Rain,1495,81,0.34,2026-03-06 22:10:07,6,0,Cruzstad Hub,143,Medium
ek-46121725,Swift,Clear,8741,76,0.25,2026-03-07 10:19:21,14,0,Lake Jasonchester Hub,322,Medium
ol-68040658,Swift,Clear,13802,70,0.12,2026-03-03 14:54:03,5,0,North Kimberlystad Hub,112,High
Fq-94311054,BlueDart,Heavy Rain,3194,39,0.31,2026-02-26 20:29:52,0,0,South Gavin Hub,425,Low
gc-68507125,BlueDart,Clear,2830,67,0.8,2026-03-04 02:43:51,6,0,East Crystal Hub,336,Low
IK-87341553,Swift,Heavy Rain,5323,61,0.56,2026-02-21 10:27:36,14,0,Codymouth Hub,128,High
Fv-08188741,Swift,Fog,6506,64,0.72,2026-03-05 04:42:28,15,0,West Kyle Hub,189,Medium
zv-15838138,Swift,Heavy Rain,2865,76,0.98,2026-03-08 22:57:23,7,0,Kellyborough Hub,131,Medium
Tw-34161351,BlueDart,Heavy Rain,3899,95,0.67,2026-02-11 03:08:10,123,1,West Scottport Hub,13,High
wO-59545069,Swift,Fog,6755,87,0.97,2026-03-07 08:01:19,85,1,Patriciastad Hub,356,Medium
sz-10864153,Delhivery,Clear,9419,60,0.63,2026-02-11 06:02:39,11,0,Gordonbury Hub,437,High
xq-57094243,Delhivery,Clear,2448,69,0.71,2026-02-09 03:31:39,0,0,South Michelleport Hub,323,High
aq-80477800,Swift,Clear,6482,33,0.85,2026-02-21 23:40:01,1,0,Livingstonberg Hub,499,Medium
jd-92965257,Swift,Clear,1837,32,0.41,2026-03-04 20:23:43,13,0,Port Jamie Hub,189,Low
SP-77930198,BlueDart,Fog,11882,34,0.85,2026-02-07 18:02:33,5,0,Port David Hub,379,High
VX-30338262,Delhivery,Clear,4015,72,0.75,2026-02-07 11:06:28,7,0,Gregmouth Hub,472,Medium
Ch-63979720,Delhivery,Clear,4480,85,0.46,2026-03-06 15:11:33,14,0,Valdezside Hub,25,High
cw-03818143,BlueDart,Cyclone,6000,71,0.61,2026-02-12 12:04:54,14,0,Evanschester Hub,358,Medium
Za-57894108,Delhivery,Fog,2078,51,0.85,2026-02-28 09:41:17,76,1,South Brian Hub,362,High
eR-76145752,Delhivery,Clear,3090,52,0.21,2026-02-17 08:21:01,13,0,Angelaside Hub,72,High
Lj-13539741,BlueDart,Clear,801,74,0.61,2026-03-04 11:19:55,3,0,East Vanessa Hub,446,Low
Af-19553056,Delhivery,Clear,4822,61,0.77,2026-02-26 17:50:31,14,0,Brianfurt Hub,39,High
tl-43254729,BlueDart,Clear,10342,46,0.84,2026-02-21 04:46:25,2,0,Gailberg Hub,226,Low
LB-94767255,Delhivery,Clear,5442,33,0.75,2026-02-27 04:10:22,11,0,Lake Ginaton Hub,382,Medium
MU-87188136,Swift,Fog,3624,56,0.38,2026-03-06 15:21:05,9,0,Andrewschester Hub,264,High
nL-31799879,BlueDart,Clear,3829,36,0.77,2026-02-19 05:13:55,0,0,Heatherville Hub,260,Low
Gg-86105338,BlueDart,Clear,12182,47,0.66,2026-03-05 08:19:55,9,0,Sarahfurt Hub,365,Medium
ev-18929076,BlueDart,Clear,8579,39,0.5,2026-03-06 08:15:31,2,0,Patrickborough Hub,272,Low
Qw-57090690,BlueDart,Clear,7450,40,0.73,2026-02-20 18:42:22,8,0,New Brittneyland Hub,63,Low
rF-52834460,Delhivery,Clear,7280,60,0.65,2026-03-08 00:15:47,15,0,West Ambermouth Hub,244,Low
rW-74245854,Delhivery,Clear,6571,98,0.3,2026-02-09 19:33:04,8,0,South Ann Hub,45,Medium
Ik-08929997,Swift,Clear,14049,34,0.36,2026-02-26 09:36:50,14,0,Christopherhaven Hub,129,Low
ke-70459059,BlueDart,Clear,1046,60,0.4,2026-02-07 15:18:06,9,0,South Emmachester Hub,254,Medium
IY-40547043,Swift,Clear,7173,38,0.94,2026-02-20 15:15:41,3,0,New Josephshire Hub,196,High
qI-42428545,Swift,Clear,10055,63,0.87,2026-02-11 00:31:08,175,1,Michaelmouth Hub,477,Low
YG-94876658,Swift,Fog,1000,72,0.95,2026-02-18 10:19:35,170,1,Allisonmouth Hub,159,Low
de-60882730,Delhivery,Clear,12511,47,0.38,2026-03-03 22:54:58,12,0,Brooksfurt Hub,98,High
bw-81254939,Delhivery,Heavy Rain,7335,60,0.9,2026-03-05 06:42:58,13,0,Gonzalezmouth Hub,290,Medium
DT-30462240,BlueDart,Heavy Rain,6758,60,0.32,2026-03-06 00:52:42,126,1,Davidview Hub,56,Medium
OL-63658808,Swift,Heavy Rain,8908,61,0.8,2026-02-16 05:19:52,7,0,New Erin Hub,246,High
kf-80092653,Delhivery,Clear,9838,33,1.0,2026-03-05 22:54:47,4,0,New Kimberly Hub,448,High
ZO-30404241,BlueDart,Heavy Rain,5141,40,0.94,2026-02-25 09:18:55,90,1,Vaughnchester Hub,206,Low
bE-76023408,Delhivery,Clear,5041,34,1.0,2026-03-02 07:59:08,162,1,Ashleystad Hub,259,Low
JB-85842515,BlueDart,Heavy Rain,5742,58,0.73,2026-02-15 23:44:09,5,0,Ronaldchester Hub,112,Medium
vt-85394961,Swift,Clear,2884,67,0.18,2026-02-17 15:39:34,4,0,South Saramouth Hub,255,Medium
vF-43213216,Delhivery,Clear,14124,66,0.49,2026-02-28 00:32:53,2,0,Evansstad Hub,266,Medium
SN-62897977,Delhivery,Fog,14015,81,0.5,2026-02-28 20:10:29,4,0,Port Brentville Hub,243,Medium
fX-58857731,Delhivery,Clear,11771,35,0.61,2026-02-09 02:55:37,2,0,Port Sheilabury Hub,218,Medium
Da-64489800,BlueDart,Clear,2695,59,0.47,2026-02-08 18:20:37,8,0,South Monique Hub,181,High
rp-91602915,Delhivery,Clear,6902,51,0.84,2026-03-07 20:32:55,10,0,North Caitlin Hub,375,Medium
mb-75232024,BlueDart,Clear,5525,52,0.87,2026-02-18 23:19:13,66,1,North Jonathanland Hub,142,Low
BR-98791567,Swift,Clear,3575,62,0.74,2026-02-09 20:17:42,0,0,Collinsport Hub,235,High
Kf-00233958,Delhivery,Clear,6237,73,0.57,2026-02-24 11:40:04,2,0,West Lisafort Hub,360,Low
JX-88023658,BlueDart,Clear,8465,35,0.34,2026-03-06 03:20:54,14,0,Port Rebecca Hub,233,High
pi-94933856,BlueDart,Fog,6678,61,0.42,2026-02-18 10:58:04,2,0,North Jeffrey Hub,427,High
ZR-40744261,Delhivery,Heavy Rain,10681,65,0.94,2026-03-01 20:21:57,3,0,Lake Shane Hub,491,High
qK-17767608,Delhivery,Clear,14384,65,0.9,2026-02-08 09:22:59,92,1,Port James Hub,344,Low
af-68873578,Delhivery,Clear,3542,70,0.5,2026-02-13 03:35:53,15,0,Parkside Hub,137,Low
DI-95759397,Swift,Fog,6089,30,0.15,2026-03-01 08:33:21,13,0,Port Charles Hub,345,Low
Hc-88209106,Swift,Heavy Rain,4771,67,0.33,2026-02-11 09:02:57,15,0,West Blaketown Hub,295,Low
oJ-88051998,Swift,Fog,9386,78,0.79,2026-02-24 23:53:58,6,0,Timothyberg Hub,402,Medium
bH-36810661,Swift,Clear,10549,68,0.3,2026-02-25 18:32:32,12,0,North Donnafort Hub,237,High
jb-84135422,BlueDart,Fog,1948,33,0.68,2026-02-12 05:02:45,10,0,West Madison Hub,380,Low
Lr-91659219,BlueDart,Fog,12369,96,0.38,2026-03-05 18:11:36,61,1,East Danieltown Hub,219,Medium
Sl-85761852,BlueDart,Heavy Rain,13722,94,0.44,2026-02-13 00:24:27,137,1,Stanleyborough Hub,493,Medium
YK-43460700,Swift,Clear,11897,79,0.17,2026-02-16 01:18:18,14,0,Fernandezhaven Hub,95,High
XS-70324799,Swift,Heavy Rain,10284,64,0.17,2026-02-27 22:59:35,6,0,Griffinton Hub,351,Low
ij-04035252,Swift,Fog,5218,71,0.54,2026-02-16 08:46:16,9,0,Craigville Hub,399,Medium
wJ-90584451,BlueDart,Clear,11745,72,0.22,2026-02-14 04:06:36,0,0,Perezville Hub,450,Low
qF-55621442,BlueDart,Heavy Rain,6585,95,0.6,2026-02-24 07:38:29,61,1,Thomasmouth Hub,12,Low
eU-27444136,Delhivery,Heavy Rain,13028,41,0.43,2026-02-19 17:54:22,1,0,Jeffreystad Hub,483,Medium
op-74884423,Delhivery,Clear,13338,89,0.15,2026-03-08 09:12:51,8,0,Bryanmouth Hub,194,Medium
Xl-91741605,Delhivery,Fog,10811,53,0.89,2026-02-13 16:45:50,163,1,Floreschester Hub,321,Medium
ID-58609656,Delhivery,Clear,13671,45,0.93,2026-02-15 19:30:00,7,0,Brownport Hub,326,Low
KU-46078330,Swift,Fog,881,54,0.92,2026-02-28 11:21:00,53,1,South Elizabeth Hub,479,High
QW-48709352,Swift,Clear,5293,54,0.37,2026-02-24 06:02:55,13,0,Smithview Hub,36,Low
FX-18614739,BlueDart,Fog,13713,30,0.28,2026-03-01 18:28:37,0,0,Lewiston Hub,91,Low
bQ-26123588,BlueDart,Heavy Rain,2499,38,0.27,2026-03-02 18:50:37,11,0,Nicholaschester Hub,320,Low
hD-28979666,Delhivery,Clear,2067,75,0.94,2026-02-27 04:37:14,9,0,West Brian Hub,63,Low
Ws-84299992,BlueDart,Fog,3074,97,0.18,2026-02-08 10:35:42,14,0,West Alan Hub,442,Low
tw-59375780,Delhivery,Clear,12798,87,0.85,2026-02-14 17:48:01,5,0,Matthewfort Hub,281,Medium
DA-40165621,Delhivery,Heavy Rain,11137,31,0.64,2026-02-17 08:46:26,8,0,Johnfurt Hub,352,Low
bC-55424678,Swift,Fog,13779,68,0.64,2026-03-03 21:52:35,14,0,Port Stephen Hub,277,High
bw-47461648,Delhivery,Fog,752,60,0.98,2026-02-21 19:44:54,46,1,West Wandaburgh Hub,223,Low
Ko-35165888,Delhivery,Clear,5021,82,0.48,2026-02-19 07:22:07,10,0,Thompsonstad Hub,438,High
UU-19026490,BlueDart,Clear,14905,57,0.84,2026-02-12 04:02:44,138,1,Williamschester Hub,356,Medium
hs-23319703,Delhivery,Clear,4580,95,0.14,2026-02-08 14:46:47,2,0,Stanleymouth Hub,407,Low
ha-20554686,Swift,Cyclone,1511,39,0.75,2026-02-20 09:05:55,648,1,Millerberg Hub,113,Medium
MH-45319713,Delhivery,Heavy Rain,3526,84,0.4,2026-03-02 07:00:31,10,0,New Dennisville Hub,33,High
Jt-80610614,BlueDart,Clear,7084,100,0.97,2026-02-25 13:40:49,73,1,Lake Robert Hub,191,Low
yS-77148766,Swift,Fog,6431,87,0.98,2026-02-28 09:27:04,102,1,Raymondberg Hub,260,High
pv-05388068,BlueDart,Clear,10135,73,0.62,2026-02-07 19:26:40,6,0,North Kristinview Hub,214,Medium
Eh-99040865,Delhivery,Fog,9863,67,0.84,2026-02-15 10:42:44,12,0,Chadmouth Hub,436,High
Ot-42398413,Delhivery,Clear,6348,65,1.0,2026-02-13 23:03:49,138,1,Port Brandy Hub,27,High
qo-47513973,Delhivery,Fog,7666,71,0.47,2026-02-17 16:15:44,0,0,Wilsonfort Hub,469,High
Fc-02206721,Swift,Clear,1935,45,0.37,2026-02-26 20:06:01,4,0,Mitchellview Hub,407,Low
St-24886228,Swift,Fog,11998,100,0.81,2026-02-16 01:36:25,12,0,Rodriguezport Hub,245,High
Wo-32894313,Delhivery,Clear,13867,67,0.8,2026-03-03 12:23:40,6,0,Isabellahaven Hub,286,Medium
mk-04221866,Delhivery,Clear,10835,59,0.11,2026-03-02 20:18:56,2,0,East Karenside Hub,116,High
cC-57963683,BlueDart,Clear,7107,46,0.37,2026-02-09 19:58:06,3,0,Smithburgh Hub,102,High
yf-99828124,Swift,Heavy Rain,9732,70,0.63,2026-02-16 18:34:01,3,0,Port Angelafort Hub,276,Low
PC-10090896,BlueDart,Heavy Rain,10312,54,0.79,2026-02-19 18:38:51,5,0,Heatherview Hub,173,Medium
Ep-68825027,BlueDart,Fog,2216,59,0.66,2026-02-18 23:36:05,4,0,Suzanneside Hub,52,Low
FJ-74529796,Swift,Heavy Rain,2243,90,0.34,2026-02-17 00:26:07,6,0,Lake Larryland Hub,488,High
lX-74096961,Delhivery,Clear,8479,37,0.65,2026-03-05 16:16:49,14,0,Diazside Hub,381,High
mN-76558297,Delhivery,Clear,1206,56,0.22,2026-02-18 13:30:16,1,0,North Randyshire Hub,374,Low
of-15754284,BlueDart,Clear,6513,59,0.76,2026-02-19 18:03:18,1,0,Port Shannonberg Hub,349,High
Mt-36232722,Swift,Heavy Rain,11901,52,0.47,2026-02-17 21:13:09,13,0,Leeside Hub,247,Low
eX-32283408,Swift,Clear,13102,79,0.78,2026-02-28 06:31:56,12,0,Larryside Hub,418,Low
MZ-38071638,Delhivery,Heavy Rain,14508,92,0.83,2026-03-08 23:59:40,50,1,South Carlhaven Hub,417,Low
sE-74353016,Swift,Clear,13522,33,0.44,2026-02-13 14:09:35,90,1,Jameston Hub,456,Medium
lJ-34346245,Delhivery,Clear,11326,46,0.71,2026-02-08 15:59:38,6,0,South Ericton Hub,71,High
qu-07748531,BlueDart,Clear,14013,77,0.58,2026-02-12 22:45:03,5,0,Jessicaton Hub,441,Low
HA-40265611,Delhivery,Heavy Rain,594,32,0.96,2026-02-17 09:13:07,7,0,Thomasfort Hub,323,High
VS-37482939,Swift,Clear,7163,35,0.12,2026-02-14 17:43:56,7,0,Isaacton Hub,160,High
RA-69571149,Swift,Clear,7820,77,0.55,2026-02-26 14:16:01,2,0,Lake James Hub,413,Low
GB-95526215,Delhivery,Clear,3621,30,0.91,2026-02-23 14:15:33,12,0,North Kimberlyhaven Hub,283,Low
th-95400176,Delhivery,Heavy Rain,6161,33,0.17,2026-02-16 10:35:54,1,0,Mannbury Hub,58,Medium
fM-99736467,Delhivery,Clear,6629,39,0.59,2026-02-09 01:34:07,11,0,East Heather Hub,189,High
iK-68148930,Delhivery,Heavy Rain,13636,66,0.74,2026-03-06 03:58:45,6,0,Ianside Hub,434,Medium
nc-96727066,Delhivery,Clear,5114,91,0.49,2026-03-05 05:45:36,61,1,West Patricia Hub,82,Low
IO-06558348,BlueDart,Clear,14013,79,0.96,2026-02-17 23:10:49,97,1,Taramouth Hub,334,Medium
CN-12167800,Swift,Heavy Rain,12054,55,0.68,2026-02-08 14:51:07,2,0,Lauraside Hub,65,Medium
kl-51007602,BlueDart,Fog,14985,77,0.97,2026-03-02 10:42:40,3,0,North Sandrafurt Hub,442,Low
VS-18104331,BlueDart,Clear,11773,65,0.7,2026-03-07 14:46:00,8,0,Lopeztown Hub,119,High
Bv-81079215,BlueDart,Clear,10492,95,0.55,2026-03-07 06:11:45,56,1,New Ricky Hub,295,Low
PW-36032862,Delhivery,Cyclone,5744,38,0.96,2026-03-01 16:37:58,545,1,Cindyland Hub,170,High
vA-48690512,BlueDart,Heavy Rain,10543,91,0.4,2026-02-14 18:38:57,171,1,Toddview Hub,251,Low
Fs-92890508,Delhivery,Clear,7942,41,0.66,2026-02-25 19:21:30,11,0,Jasonmouth Hub,91,High
gH-26312784,Delhivery,Clear,13054,94,0.97,2026-02-23 09:45:32,103,1,North Makayla Hub,434,Medium
co-13049959,Delhivery,Clear,965,91,0.98,2026-02-23 19:06:08,76,1,Millermouth Hub,334,Low
ph-99890080,Swift,Clear,12023,59,0.76,2026-03-09 13:57:34,11,0,Lake Virginiaton Hub,18,Medium
Zr-57758923,Delhivery,Clear,6840,49,0.93,2026-02-26 02:51:10,13,0,Smithchester Hub,183,Medium
Qj-79904955,BlueDart,Clear,14715,58,0.95,2026-02-11 00:10:12,9,0,Danamouth Hub,397,Medium
vd-63123459,Swift,Clear,14069,34,0.11,2026-02-12 03:49:37,0,0,North Brandon Hub,421,High
uE-31218470,Delhivery,Clear,3458,42,0.67,2026-02-20 08:29:38,9,0,Michaelside Hub,367,Low
En-70947833,Delhivery,Clear,12450,33,0.99,2026-02-26 18:00:18,3,0,Cynthiaview Hub,177,Low
ji-81051032,BlueDart,Clear,3940,60,0.59,2026-02-21 22:42:54,7,0,West Edwardshire Hub,238,Medium
ce-39700678,BlueDart,Clear,11261,34,0.87,2026-02-11 11:19:12,11,0,Williamtown Hub,180,Low
Dz-76041958,Delhivery,Clear,10692,46,0.44,2026-03-06 01:30:50,15,0,Carlastad Hub,91,High
wJ-87406485,BlueDart,Clear,779,53,0.91,2026-02-17 14:50:53,3,0,Port Lindafort Hub,455,High
XM-28946389,Swift,Clear,1735,60,0.34,2026-02-20 05:57:17,9,0,West James Hub,370,High
NV-24490818,BlueDart,Heavy Rain,3487,59,0.7,2026-02-24 01:49:28,15,0,New Monica Hub,28,Low
oW-09727354,BlueDart,Clear,2364,68,0.66,2026-02-28 23:40:52,11,0,Floresburgh Hub,311,Medium
Fq-96596351,Swift,Clear,3893,69,0.67,2026-02-08 06:30:01,1,0,Lake Stephanieburgh Hub,35,Medium
vp-13924919,Delhivery,Clear,5195,88,0.66,2026-03-05 07:17:43,13,0,Edwardsmouth Hub,277,High
BS-22008866,Delhivery,Clear,12752,68,0.27,2026-02-14 04:13:52,13,0,Hoffmanton Hub,44,Low
Xd-32690373,Delhivery,Heavy Rain,4561,39,0.99,2026-03-05 05:40:52,103,1,West Donald Hub,266,Medium
kf-42901111,BlueDart,Clear,6701,42,0.29,2026-02-11 11:17:47,9,0,Kathleenton Hub,182,High
ha-62489323,Swift,Clear,7141,70,0.47,2026-02-24 16:04:53,6,0,Port Paige Hub,182,High
Qh-23497080,BlueDart,Clear,4604,58,0.18,2026-02-19 06:27:05,8,0,Millertown Hub,380,Low
cg-94383890,Delhivery,Clear,12183,45,0.18,2026-02-10 06:52:14,15,0,Williamsmouth Hub,215,Medium
dn-78819331,BlueDart,Clear,2354,40,0.75,2026-02-21 06:55:43,1,0,East Kristen Hub,22,Medium
KR-27017564,Swift,Clear,3130,98,0.68,2026-02-13 00:05:16,3,0,Davisstad Hub,78,High
mD-84518790,BlueDart,Heavy Rain,5478,53,0.67,2026-02-17 20:40:19,0,0,Janetview Hub,453,Low
gm-11572022,Swift,Fog,4576,84,0.14,2026-03-09 03:01:34,12,0,New Johnborough Hub,73,Medium
tT-47608326,BlueDart,Clear,14418,56,0.24,2026-02-18 00:05:36,7,0,Silvaport Hub,372,Low
ll-43003392,BlueDart,Clear,2370,91,0.38,2026-02-10 04:41:54,6,0,Rojasview Hub,168,Medium
Se-64220206,BlueDart,Heavy Rain,5847,77,0.64,2026-02-23 13:48:21,7,0,South Heathershire Hub,38,High
id-57770487,Swift,Clear,2522,45,0.51,2026-03-07 12:32:05,8,0,North Suzanne Hub,76,Low
Rc-18411913,Swift,Clear,13630,72,0.58,2026-02-24 02:12:09,13,0,West Catherinemouth Hub,219,Medium
zG-75990416,BlueDart,Clear,8502,94,0.4,2026-02-28 09:31:41,7,0,Boothstad Hub,433,High
zJ-03913381,Delhivery,Heavy Rain,3349,56,0.31,2026-02-28 11:27:48,3,0,Laurieburgh Hub,392,Low
Mr-40878067,Swift,Clear,686,68,0.17,2026-02-12 03:19:43,8,0,Edwardsburgh Hub,197,Medium
lu-58183309,BlueDart,Clear,4752,52,0.55,2026-02-11 00:54:21,7,0,Keithborough Hub,114,Low
QG-77400227,Swift,Clear,14568,75,0.11,2026-03-05 01:35:07,3,0,Mcdonaldtown Hub,444,High
nI-81089026,Delhivery,Heavy Rain,2173,53,0.72,2026-02-23 20:04:26,11,0,North Robertshire Hub,352,Medium
Wx-66555135,BlueDart,Heavy Rain,5597,84,0.37,2026-03-03 03:05:49,9,0,South Luis Hub,158,High
PV-61408461,Swift,Clear,8314,30,0.37,2026-03-06 06:16:20,161,1,Rayview Hub,280,Low
nJ-59161664,Delhivery,Clear,7923,100,0.89,2026-02-17 03:23:37,6,0,Christopherland Hub,456,High
Wi-44518501,Swift,Clear,6144,58,0.24,2026-02-10 00:18:32,148,1,New Ryan Hub,34,Medium
WU-60504706,Swift,Cyclone,6134,100,0.45,2026-03-05 09:06:28,509,1,Port Robertfort Hub,116,Low
lV-04500653,Swift,Clear,2141,79,0.45,2026-02-28 10:52:18,2,0,Alectown Hub,17,Low
om-08493718,Delhivery,Heavy Rain,8228,63,0.74,2026-02-09 03:47:52,2,0,East Kenneth Hub,423,High
Vn-34835498,BlueDart,Clear,12172,86,0.15,2026-02-07 04:57:08,13,0,Chavezport Hub,337,Low
Kz-82545832,BlueDart,Clear,10747,90,0.5,2026-02-20 07:37:14,10,0,Andrewton Hub,232,Low
Oc-83872436,Delhivery,Fog,14412,52,0.81,2026-02-13 18:41:26,14,0,Lake Helenburgh Hub,251,Low
eG-25422407,Swift,Clear,11284,68,0.97,2026-02-10 22:21:41,4,0,East William Hub,53,High
fD-88755348,Swift,Heavy Rain,6483,39,0.52,2026-03-07 08:55:37,11,0,West Lisaland Hub,288,High
RW-43795259,Swift,Cyclone,6011,46,0.91,2026-03-04 11:32:31,459,1,East John Hub,404,Medium
wM-47008017,Delhivery,Cyclone,2660,42,0.25,2026-03-09 03:56:09,438,1,South Eric Hub,259,Medium
CA-44615082,Delhivery,Heavy Rain,5819,76,0.65,2026-02-17 20:12:33,7,0,Rosehaven Hub,193,Medium
mR-61050598,Delhivery,Heavy Rain,2881,72,0.66,2026-02-16 03:54:18,6,0,Roseberg Hub,291,Medium
Sc-24488649,Swift,Clear,2704,67,0.96,2026-03-05 05:41:56,15,0,Foxberg Hub,421,High
PX-06094187,BlueDart,Fog,10380,67,0.37,2026-02-25 09:04:56,0,0,East Shari Hub,374,Medium
mN-52582093,Delhivery,Clear,3008,80,0.3,2026-03-07 10:34:32,2,0,West Keithborough Hub,376,Low
ks-31083835,Delhivery,Heavy Rain,9119,48,0.75,2026-02-12 11:58:55,3,0,Ianview Hub,264,Medium
ec-16376890,Swift,Clear,5729,86,0.88,2026-02-21 15:15:44,13,0,Russofort Hub,145,High
bZ-22263169,Swift,Clear,2490,83,0.92,2026-02-07 09:55:57,2,0,Richardshire Hub,355,Medium
rU-51564753,BlueDart,Clear,6256,40,0.92,2026-03-05 22:56:07,6,0,Ramirezborough Hub,309,Low
Hs-59975223,Delhivery,Clear,14951,85,0.55,2026-02-16 20:38:27,3,0,Amberville Hub,153,Low
PE-48358759,Swift,Clear,5032,75,0.71,2026-03-01 07:03:47,8,0,South Jill Hub,148,High
cT-58731947,Swift,Clear,8859,84,0.53,2026-02-12 03:25:05,13,0,East Reginafurt Hub,120,Medium
zS-92063371,BlueDart,Clear,703,67,0.49,2026-03-03 20:59:10,1,0,East Rebeccafurt Hub,68,Medium
FQ-20675001,BlueDart,Clear,6194,65,0.25,2026-02-23 18:14:44,9,0,East Anthony Hub,106,High
Md-66555403,Delhivery,Fog,2069,89,0.65,2026-03-02 03:45:37,170,1,Thomasview Hub,134,High
Fx-53447725,Swift,Clear,3279,72,0.51,2026-02-27 22:26:28,0,0,South Mary Hub,209,High
Do-00124472,Swift,Heavy Rain,11902,89,0.45,2026-02-24 12:48:16,10,0,New Ashlee Hub,250,Medium
Sz-25576347,Swift,Heavy Rain,3255,44,0.82,2026-03-09 14:26:24,1,0,West Davidport Hub,111,Low
bQ-33325443,Delhivery,Clear,14968,34,0.47,2026-02-06 18:18:52,3,0,Clarkmouth Hub,160,Medium
ta-21595075,BlueDart,Fog,11692,31,0.78,2026-02-16 02:19:32,0,0,Port Matthewbury Hub,453,Medium
Gp-46044201,Delhivery,Cyclone,7569,41,0.35,2026-02-24 14:44:15,674,1,Juliatown Hub,390,High
xt-91698469,BlueDart,Clear,5773,92,0.9,2026-03-04 09:35:33,45,1,North Elizabeth Hub,296,Low
zg-62757272,BlueDart,Clear,9272,82,0.73,2026-02-07 11:33:34,2,0,Johnsonland Hub,388,Medium
TT-94966932,Delhivery,Clear,8163,77,0.84,2026-02-15 19:09:23,15,0,West Madelineville Hub,179,Low
CT-57236695,Swift,Heavy Rain,10163,49,0.22,2026-02-23 05:00:26,9,0,Nicholaschester Hub,221,High
BF-40721029,BlueDart,Clear,12442,52,0.85,2026-02-12 09:50:43,14,0,New Joseph Hub,102,Medium
nh-79050401,Delhivery,Clear,12884,73,0.85,2026-02-09 19:19:25,14,0,West Joseph Hub,467,Medium
ny-44251597,Delhivery,Clear,4103,32,0.31,2026-02-06 19:13:29,14,0,North Pamela Hub,234,Low
aL-37163264,BlueDart,Clear,3052,86,0.34,2026-02-10 12:10:05,2,0,Crawfordport Hub,94,High
Xf-90023074,Swift,Fog,1201,62,0.12,2026-02-28 01:28:55,13,0,Lake Tashaton Hub,352,High
EM-97738783,BlueDart,Clear,11364,47,0.3,2026-02-23 11:36:33,7,0,East Thomasstad Hub,23,Low
Ij-20050863,Delhivery,Clear,4691,98,0.33,2026-02-26 12:18:26,114,1,Veronicatown Hub,228,Medium
hY-74060638,BlueDart,Clear,8377,49,0.72,2026-03-06 15:31:56,5,0,North Louistown Hub,400,Medium
JA-81825248,BlueDart,Clear,896,89,0.79,2026-02-15 21:18:20,11,0,Karenbury Hub,292,Low
zv-81857453,BlueDart,Clear,11717,38,0.53,2026-03-03 15:32:17,3,0,New Steventown Hub,299,High
zQ-68046887,BlueDart,Clear,13118,52,0.46,2026-03-01 07:54:06,10,0,Cookbury Hub,192,Low
qq-72601595,BlueDart,Heavy Rain,13927,96,0.72,2026-02-21 05:54:13,175,1,Jasonton Hub,498,High
lN-10755886,Swift,Clear,13923,80,0.85,2026-02-24 16:54:07,9,0,Bullockport Hub,174,Medium
MZ-20305529,Swift,Clear,12249,98,0.73,2026-02-23 20:23:25,55,1,Richardstad Hub,177,High
Lq-49204146,BlueDart,Clear,827,56,0.23,2026-03-01 02:15:27,4,0,Owenside Hub,431,High
jm-30832120,BlueDart,Cyclone,1787,34,0.3,2026-02-21 00:57:48,12,0,Port Donna Hub,46,High
yC-22511047,Delhivery,Clear,4470,62,0.53,2026-02-25 07:59:06,4,0,Dunnfort Hub,421,High
Ax-52970478,Swift,Heavy Rain,13140,74,0.86,2026-03-03 21:07:25,11,0,Timothyfurt Hub,448,High
AU-72047415,Swift,Heavy Rain,10436,30,0.16,2026-02-06 22:47:35,11,0,Lorimouth Hub,249,Low
WK-11630018,Delhivery,Clear,11456,43,0.43,2026-03-06 21:17:52,7,0,North Alexatown Hub,421,Low
Nz-42855147,Delhivery,Clear,2903,72,0.13,2026-03-04 22:06:31,1,0,West Colleen Hub,476,Low
qr-93734156,BlueDart,Clear,7093,34,0.58,2026-02-07 08:06:40,9,0,Port Katieberg Hub,49,Low
vf-90627778,Delhivery,Clear,660,38,0.82,2026-02-14 13:47:03,11,0,Christopherport Hub,345,Medium
Iz-62197898,BlueDart,Clear,11192,46,0.75,2026-03-08 14:07:32,7,0,North Davidshire Hub,296,Medium
Hx-77755263,BlueDart,Clear,11940,69,0.22,2026-03-05 18:20:03,1,0,Amymouth Hub,73,Low
dr-48176201,Swift,Cyclone,1017,83,0.66,2026-02-10 10:41:44,681,1,East Anthony Hub,158,Medium
Jx-35827380,Swift,Clear,6243,99,0.61,2026-02-09 19:00:57,11,0,Kennedymouth Hub,491,High
pW-85265269,BlueDart,Clear,962,33,0.89,2026-03-02 19:25:20,0,0,West Ianbury Hub,438,Medium
FO-20221191,Swift,Clear,5842,83,0.63,2026-02-27 09:31:16,0,0,East Matthew Hub,246,High
eN-91044073,Swift,Heavy Rain,14923,91,0.27,2026-02-06 11:46:29,11,0,Smithton Hub,398,High
Eh-91162050,Swift,Fog,14055,64,0.49,2026-02-11 19:20:37,15,0,New Michaelmouth Hub,457,Medium
Fu-82140221,Swift,Heavy Rain,10703,44,0.39,2026-02-24 13:27:10,6,0,Lake Andrewside Hub,82,Low
YT-60266557,Delhivery,Fog,14503,82,0.16,2026-03-04 09:07:22,0,0,South Jameshaven Hub,187,Low
Da-03236493,Delhivery,Clear,11040,91,0.21,2026-02-23 21:45:20,76,1,Lake Kevinton Hub,180,High
Yw-58719232,Swift,Clear,5511,39,0.29,2026-02-13 12:10:05,3,0,Thomasfurt Hub,308,Low
UE-85455770,BlueDart,Clear,4465,35,0.99,2026-03-07 06:21:51,83,1,Snowberg Hub,132,Low
wk-22403492,Delhivery,Fog,11809,43,0.59,2026-02-17 04:07:19,12,0,West Michaelview Hub,315,High
Kx-44678225,Swift,Clear,4066,92,0.16,2026-02-10 16:50:22,4,0,West Karinabury Hub,298,Low
xH-46506000,Swift,Clear,2625,60,0.38,2026-03-08 11:54:13,2,0,Dannyton Hub,132,Medium
ZC-84446930,Swift,Heavy Rain,7743,34,0.99,2026-03-02 04:20:21,7,0,South Chelsea Hub,280,High
DB-76654505,Delhivery,Clear,1155,63,0.69,2026-02-08 01:32:59,14,0,Lake Lorrainetown Hub,260,High
LM-11352401,BlueDart,Clear,7255,46,0.41,2026-03-02 02:31:48,12,0,Port Hunter Hub,30,Medium
PD-34533553,BlueDart,Clear,13354,74,0.51,2026-02-15 10:23:15,10,0,East Sarah Hub,13,Low
Za-83303094,Swift,Clear,7709,88,0.35,2026-02-10 11:44:09,167,1,Branchberg Hub,215,High
FT-75546317,BlueDart,Clear,4807,72,0.94,2026-02-23 00:58:31,0,0,Rogerberg Hub,205,High
AK-42214476,Delhivery,Cyclone,7721,94,0.54,2026-02-12 11:07:38,545,1,Grimeston Hub,113,Medium
NS-90540607,Swift,Heavy Rain,3318,38,0.94,2026-02-21 19:19:59,4,0,Carolynland Hub,217,High
WO-24824709,BlueDart,Clear,10880,53,0.91,2026-02-11 20:00:54,2,0,Tuckerside Hub,450,Medium
JO-51491062,BlueDart,Heavy Rain,14754,46,0.59,2026-02-22 21:10:30,51,1,North Johntown Hub,150,Medium
dd-02121790,Swift,Clear,11006,64,0.27,2026-02-17 21:48:17,5,0,Brownmouth Hub,180,High
WE-03076792,Swift,Clear,11711,47,0.31,2026-02-16 18:34:46,175,1,Florestown Hub,36,Medium
le-40100510,Swift,Clear,9370,91,0.29,2026-03-06 08:07:48,60,1,North Gabrielle Hub,38,High
ZG-43345083,Swift,Clear,8161,87,0.49,2026-02-22 11:29:54,11,0,Hernandeztown Hub,378,Medium
FX-69783433,Delhivery,Clear,6082,97,0.1,2026-02-15 00:32:05,163,1,Rhondaborough Hub,281,High
id-53973927,Delhivery,Heavy Rain,9373,49,0.76,2026-03-03 06:41:36,9,0,Port Matthew Hub,39,Low
CT-75977677,Delhivery,Heavy Rain,10629,76,0.65,2026-03-02 08:15:31,12,0,Walkermouth Hub,142,Medium
dX-44338258,Delhivery,Heavy Rain,7850,82,0.28,2026-03-03 06:52:30,9,0,Angelaside Hub,492,Medium
YX-69062088,Delhivery,Clear,4988,46,0.95,2026-03-02 10:20:25,108,1,East Eric Hub,494,High
Ho-49676105,Delhivery,Clear,3397,54,0.37,2026-02-16 04:30:59,4,0,Lake Brian Hub,176,High
Bo-31446217,Swift,Clear,2502,53,0.34,2026-02-06 18:45:41,11,0,Katherineport Hub,14,High
qu-23810110,BlueDart,Clear,7490,61,0.97,2026-02-18 07:17:48,14,0,North Aaron Hub,408,High
cQ-32976991,BlueDart,Clear,1062,85,0.41,2026-02-10 09:50:08,2,0,Oliviaport Hub,40,Low
lZ-39177260,Swift,Fog,4598,37,0.54,2026-03-02 19:49:56,0,0,South William Hub,494,Low
mS-62291169,Delhivery,Clear,1789,85,0.56,2026-02-10 02:32:27,2,0,Jillview Hub,89,High
eF-79292247,Delhivery,Fog,13896,99,0.32,2026-02-08 20:49:58,171,1,South Brianside Hub,228,Low
Mh-30899080,Delhivery,Clear,1604,92,0.9,2026-02-07 10:18:50,140,1,Youngville Hub,41,Low
be-31066994,Swift,Heavy Rain,10775,63,0.15,2026-03-09 01:16:41,8,0,West Shane Hub,258,High
Pv-89215710,Delhivery,Fog,5729,78,0.33,2026-03-02 07:35:25,5,0,Davidfort Hub,57,Medium
rA-48380126,Swift,Clear,9577,42,0.65,2026-02-22 14:18:01,14,0,North Jessica Hub,500,Low
Tj-08903456,Swift,Clear,3641,78,0.47,2026-02-19 17:56:21,8,0,Grossborough Hub,496,High
BS-28480925,Delhivery,Clear,2491,82,0.2,2026-02-13 06:58:58,14,0,Port Thomasland Hub,227,Low
Id-74379425,Delhivery,Fog,4343,33,0.18,2026-03-06 19:19:24,9,0,Floreston Hub,221,Low
WN-21792690,Swift,Fog,7217,78,0.71,2026-03-06 02:28:44,9,0,Chamberschester Hub,416,Low
hn-00075453,Delhivery,Clear,13707,36,0.71,2026-02-21 19:05:22,5,0,Jenniferside Hub,245,High
Sy-51783532,Delhivery,Clear,906,70,0.68,2026-02-15 10:36:21,3,0,East Jeremyfurt Hub,58,Low
Wh-82141173,Delhivery,Heavy Rain,10673,98,0.45,2026-02-13 09:38:35,76,1,West Benjaminton Hub,293,Medium
Og-45096963,BlueDart,Cyclone,7298,97,0.38,2026-02-20 03:33:45,713,1,Murphyshire Hub,60,Low
ph-05779377,Swift,Heavy Rain,7457,51,0.7,2026-02-18 05:33:18,7,0,Garrettmouth Hub,389,Medium
JT-17963692,Delhivery,Clear,8145,87,0.24,2026-02-16 19:52:08,158,1,Hollowayfort Hub,73,Low
Rf-84941404,BlueDart,Clear,14742,93,0.55,2026-02-26 01:51:48,8,0,Jessicaville Hub,214,High
jy-16838383,BlueDart,Fog,13765,88,0.9,2026-02-20 06:04:07,3,0,West Melissa Hub,288,Medium
aj-87049460,BlueDart,Clear,504,80,0.32,2026-02-16 06:53:10,3,0,South Richard Hub,278,Low
oH-11949727,Swift,Heavy Rain,6479,41,0.72,2026-02-28 12:23:27,9,0,West Desiree Hub,33,Medium
Em-56638238,Swift,Clear,5562,53,0.86,2026-02-07 18:44:40,15,0,Lake Lydiashire Hub,54,Low
Je-46010179,Delhivery,Heavy Rain,2924,59,0.16,2026-03-02 23:06:08,5,0,Jillbury Hub,461,Low
eE-05070182,Delhivery,Fog,2228,45,0.33,2026-02-24 08:59:05,5,0,North Danaland Hub,330,Medium
Bc-91245637,Swift,Clear,820,98,0.59,2026-03-04 08:44:05,67,1,Fieldsfurt Hub,305,Low
hl-36553429,BlueDart,Fog,9646,85,0.42,2026-03-02 12:33:27,6,0,Olsenton Hub,426,Low
kX-22209765,Delhivery,Clear,2157,82,0.14,2026-02-08 20:27:05,5,0,East Jaredchester Hub,424,Low
EK-31706339,Delhivery,Fog,609,87,0.13,2026-03-03 15:45:40,8,0,New Kimberly Hub,243,Medium
TD-02730375,Swift,Clear,740,34,0.28,2026-02-19 22:20:49,11,0,West Nicholasmouth Hub,462,Medium
EC-58945413,Delhivery,Clear,5859,89,0.65,2026-02-10 16:21:00,14,0,Lake Christybury Hub,362,High
fL-04804724,BlueDart,Clear,13542,99,0.93,2026-03-03 12:48:50,155,1,East Christina Hub,397,Low
ol-17964597,BlueDart,Heavy Rain,6944,71,0.61,2026-02-08 13:31:52,10,0,South Josephton Hub,177,Medium
Oa-55229142,Delhivery,Clear,11491,67,0.49,2026-02-14 17:29:06,122,1,East Stacey Hub,340,Low
WT-55581267,BlueDart,Clear,2582,90,0.26,2026-02-15 11:19:59,136,1,Millerfort Hub,103,High
QE-26691688,Delhivery,Clear,5682,56,0.15,2026-02-26 07:56:26,9,0,Port Eugene Hub,336,Low
oe-46609378,BlueDart,Clear,10107,75,0.3,2026-02-10 04:03:55,11,0,Gonzalezmouth Hub,135,High
aB-01473882,Swift,Clear,1616,41,0.7,2026-02-13 04:39:17,13,0,Sabrinamouth Hub,378,Medium
Am-97851595,Swift,Clear,9404,31,0.28,2026-02-20 19:02:51,1,0,Travisberg Hub,144,Medium
Hs-48804039,Delhivery,Clear,9648,88,0.52,2026-02-15 00:04:48,128,1,Guerreroton Hub,250,High
Kw-19069416,Delhivery,Clear,4855,53,0.32,2026-03-02 13:19:59,8,0,Ronaldland Hub,360,Low
Vo-37168944,Swift,Clear,2257,43,0.65,2026-03-04 18:27:34,7,0,East Timothy Hub,192,Low
UD-24656491,Swift,Clear,10464,80,0.45,2026-02-18 08:40:48,8,0,Johnshire Hub,140,Medium
JK-81746678,Swift,Cyclone,3764,44,0.27,2026-02-22 09:00:36,376,1,Fisherborough Hub,200,High
xh-65961019,BlueDart,Heavy Rain,8267,82,0.71,2026-03-03 00:25:47,57,1,Johnsonport Hub,341,Medium
Iy-90312105,Delhivery,Clear,3333,63,0.51,2026-03-08 10:13:41,0,0,West Danny Hub,308,Medium
sQ-69274837,BlueDart,Clear,14106,92,0.55,2026-02-15 19:14:31,7,0,East Corey Hub,250,High
Un-79904484,Swift,Clear,14117,71,0.74,2026-03-05 00:18:22,7,0,Port Stephanietown Hub,109,Low
PQ-65622756,BlueDart,Heavy Rain,6460,87,0.96,2026-02-07 22:28:56,154,1,Ellisville Hub,415,Medium
yl-37157669,BlueDart,Clear,12238,74,0.95,2026-03-02 06:57:54,87,1,West Staceyfort Hub,99,High
ec-37263135,BlueDart,Clear,12333,91,0.35,2026-03-06 17:19:30,10,0,North Mikeburgh Hub,441,Medium
Mk-28041909,Swift,Clear,4288,79,0.96,2026-02-23 07:52:16,3,0,Port Debra Hub,135,Low
IH-87564299,Delhivery,Clear,2936,50,0.37,2026-02-10 04:21:20,174,1,Carmenchester Hub,454,Medium
Pz-26590456,Delhivery,Fog,14848,52,0.3,2026-02-14 03:07:09,4,0,Crossburgh Hub,314,Low
Eq-60829245,Delhivery,Clear,8770,58,0.51,2026-03-02 13:04:25,1,0,East Diana Hub,16,Low
EW-32820894,Delhivery,Clear,7615,36,0.38,2026-03-05 19:20:21,6,0,North Lauriestad Hub,462,High
qg-68745889,BlueDart,Clear,9006,60,0.44,2026-02-08 04:37:06,3,0,Churchport Hub,186,Medium
Xk-17442443,Swift,Clear,536,71,0.53,2026-02-10 04:26:40,14,0,Port Kyleview Hub,116,High
OX-02256151,Delhivery,Heavy Rain,13622,81,0.29,2026-02-20 20:54:36,146,1,Mccannhaven Hub,201,High
Rl-94022641,BlueDart,Cyclone,10931,38,0.16,2026-02-28 02:00:26,334,1,South Danielle Hub,194,Low
Gp-76839119,Delhivery,Clear,3841,86,0.35,2026-03-05 17:33:41,53,1,Andrewsburgh Hub,425,Low
ah-22741645,BlueDart,Clear,1187,52,0.66,2026-03-04 00:07:14,6,0,Port Bryan Hub,161,High
Pl-82880255,Swift,Heavy Rain,10831,94,0.52,2026-02-24 00:10:59,12,0,Port Amandabury Hub,42,High
Pp-34036915,Swift,Clear,2608,44,0.97,2026-02-11 15:04:13,14,0,Taylorbury Hub,378,High
kQ-19716464,Delhivery,Clear,8297,70,0.54,2026-02-06 14:58:09,5,0,Kleinberg Hub,265,Low
NZ-01821342,Swift,Fog,1180,46,0.89,2026-02-17 05:50:34,10,0,Port Crystal Hub,187,High
Rq-30181284,BlueDart,Clear,4124,88,0.17,2026-02-24 12:02:44,164,1,Eatonton Hub,42,Medium
xB-90969114,Delhivery,Clear,13557,45,0.34,2026-02-27 22:10:27,3,0,East Samanthafurt Hub,272,Low
js-14783325,Delhivery,Fog,5922,54,0.39,2026-02-22 04:10:19,15,0,Destinystad Hub,207,High
RM-01988651,BlueDart,Clear,10101,38,0.72,2026-03-02 18:46:47,0,0,New Barbarahaven Hub,420,High
dn-98293368,Swift,Clear,11115,48,0.2,2026-02-27 05:04:59,6,0,Briggsbury Hub,21,Low
kE-42473315,Swift,Clear,12287,45,0.97,2026-02-14 07:23:17,2,0,Lake Mark Hub,25,High
KK-40541173,Delhivery,Cyclone,4757,38,0.63,2026-03-02 16:25:53,376,1,Lake Darrell Hub,384,Medium
af-79341704,Swift,Heavy Rain,3133,41,0.88,2026-02-23 19:50:36,72,1,Clarkfurt Hub,247,Medium
JL-05359924,Delhivery,Clear,8985,56,0.65,2026-02-19 14:53:36,12,0,Matthewchester Hub,95,Medium
bT-37740792,Swift,Cyclone,4301,66,0.84,2026-03-09 16:34:07,418,1,South Shaun Hub,102,High
Zp-80153564,Delhivery,Clear,10534,73,0.34,2026-03-07 13:18:18,8,0,Lake Holly Hub,495,Medium
gK-99088571,BlueDart,Clear,11718,87,0.71,2026-02-13 21:25:09,1,0,Bensonstad Hub,303,High
oo-04642930,BlueDart,Clear,1501,67,0.75,2026-02-12 16:38:05,1,0,Melissaton Hub,298,Low
vB-12073824,BlueDart,Clear,10564,90,0.27,2026-03-02 10:44:35,55,1,Port Stephenstad Hub,231,High
wD-79882939,Delhivery,Clear,13731,53,0.75,2026-02-15 22:40:51,8,0,Michellefort Hub,449,High
LT-15944062,Swift,Clear,7121,67,0.98,2026-03-04 02:23:05,160,1,Briannatown Hub,124,High
CV-84153417,Delhivery,Heavy Rain,11683,38,0.52,2026-02-09 02:33:00,5,0,Rayburgh Hub,386,High
Zd-68673879,BlueDart,Clear,2187,93,0.5,2026-02-07 07:14:45,7,0,Walkerland Hub,73,High
TC-55059878,BlueDart,Clear,12552,92,0.73,2026-02-22 07:29:30,69,1,Christopherview Hub,201,High
JG-19431474,Swift,Heavy Rain,7704,92,0.43,2026-03-03 06:58:22,15,0,Lake Angelamouth Hub,24,High
sA-62525080,Delhivery,Heavy Rain,4559,56,0.65,2026-02-24 08:13:45,7,0,Lake Tylertown Hub,433,High
Np-59417095,Delhivery,Cyclone,9543,36,0.29,2026-02-09 20:32:15,516,1,Nelsonland Hub,492,High
az-50287179,Delhivery,Clear,12291,32,0.56,2026-02-24 08:56:15,8,0,East Lindsey Hub,12,Medium
rI-15298548,Delhivery,Clear,6013,76,0.31,2026-02-15 22:12:45,4,0,North Bethany Hub,185,High
RL-18517739,BlueDart,Clear,14216,92,0.74,2026-02-20 19:02:37,0,0,Riveraborough Hub,96,Low
Aa-70108299,BlueDart,Clear,13232,64,0.63,2026-03-03 11:26:16,4,0,Jerryborough Hub,265,Low
lF-66335746,Delhivery,Clear,12197,87,0.93,2026-03-03 11:01:35,11,0,West Curtisside Hub,422,Medium
Bq-52570180,BlueDart,Clear,9601,78,0.98,2026-02-16 21:13:14,135,1,Lake Davidside Hub,409,High
OU-62836469,Delhivery,Clear,2122,58,0.44,2026-03-01 22:26:16,120,1,Mikeborough Hub,363,High
yI-06562844,Delhivery,Clear,2381,89,0.94,2026-03-07 07:21:46,15,0,Wallacemouth Hub,494,Medium
dz-86148415,Delhivery,Clear,8859,41,0.78,2026-02-15 15:58:08,10,0,Port Mark Hub,370,Medium
vs-93251845,Delhivery,Heavy Rain,12496,93,0.91,2026-02-12 11:07:46,3,0,South Amanda Hub,345,Medium
KN-07162467,Delhivery,Heavy Rain,11938,47,0.18,2026-02-17 00:18:41,13,0,Lake Karenmouth Hub,86,High
ED-18570829,Swift,Clear,4132,85,0.87,2026-02-10 17:59:49,4,0,Lake Stephanie Hub,410,Low
Kh-25799341,BlueDart,Heavy Rain,6372,62,0.13,2026-02-12 16:34:01,9,0,Woodardville Hub,287,Low
MJ-78701927,Swift,Clear,5853,71,0.42,2026-03-02 16:38:33,9,0,Lake Cherylfort Hub,165,High
lF-57983439,Swift,Clear,14798,75,0.84,2026-03-03 19:07:16,11,0,South Lisatown Hub,62,Medium
Ix-07566307,BlueDart,Fog,10642,96,0.85,2026-03-08 00:51:42,100,1,Michelleborough Hub,352,Low
kb-39580071,Swift,Clear,10864,45,0.96,2026-02-25 21:07:52,51,1,Kevinberg Hub,122,Medium
tE-11319869,Swift,Fog,2088,54,0.92,2026-02-16 12:38:12,12,0,New Stephanie Hub,272,Medium
BM-71186472,Delhivery,Clear,1096,95,0.68,2026-02-10 19:37:50,101,1,Elizabethside Hub,482,Medium
nv-85801789,Swift,Fog,5209,45,0.58,2026-02-15 19:04:38,12,0,North Paulchester Hub,115,Low
HS-64912974,Swift,Cyclone,13010,54,0.43,2026-03-01 18:05:28,696,1,Ryanhaven Hub,155,High
ad-19122908,Swift,Cyclone,11618,98,0.48,2026-02-18 18:49:10,708,1,East Leonardmouth Hub,60,Low
Ey-51972234,Delhivery,Heavy Rain,11941,94,0.89,2026-02-22 08:13:51,9,0,Deckerville Hub,282,Low
yR-21008554,Swift,Clear,8976,100,0.45,2026-03-06 04:34:27,10,0,Michelleview Hub,152,High
qK-97147316,BlueDart,Clear,11117,32,0.58,2026-02-09 18:11:37,8,0,Timothyberg Hub,453,High
fn-66379841,BlueDart,Fog,11010,46,0.25,2026-02-18 22:20:34,10,0,Boydton Hub,495,Low
rF-90915165,Delhivery,Cyclone,14908,32,0.22,2026-03-07 06:32:12,683,1,Melaniefort Hub,145,High
SP-59289929,Delhivery,Heavy Rain,2267,66,0.66,2026-02-25 04:33:30,1,0,South Garystad Hub,25,High
bI-87770444,BlueDart,Heavy Rain,10252,73,0.38,2026-02-26 16:23:32,15,0,Waltershaven Hub,102,Low
nh-07949485,Delhivery,Heavy Rain,11609,80,0.88,2026-02-12 13:18:41,1,0,Kingburgh Hub,254,Medium
cn-06044538,Delhivery,Fog,2114,72,0.71,2026-02-20 06:34:15,10,0,North Jorgechester Hub,256,Medium
WR-38186580,Delhivery,Heavy Rain,9491,84,0.85,2026-02-19 10:54:39,7,0,Michaelland Hub,191,Low
KD-47340684,Swift,Clear,6352,36,0.25,2026-02-10 11:46:57,0,0,West Daniel Hub,202,Medium
Mi-69292067,Swift,Clear,5233,81,0.73,2026-02-18 21:10:41,9,0,West Robert Hub,223,Medium
Pl-83059244,BlueDart,Clear,3848,37,0.19,2026-02-19 19:19:51,4,0,South Vincent Hub,294,Medium
of-39935434,Delhivery,Heavy Rain,10398,80,0.85,2026-02-08 18:43:18,94,1,South Julie Hub,255,High
nU-22303021,BlueDart,Clear,14599,72,0.33,2026-02-15 17:23:36,5,0,South Samantha Hub,373,High
Zv-56369340,Delhivery,Clear,10156,57,0.89,2026-02-17 11:32:01,0,0,Mariahaven Hub,129,Medium
QX-41781673,Delhivery,Heavy Rain,13424,84,0.91,2026-02-23 23:28:51,15,0,South Mikestad Hub,150,High
Ok-31662425,BlueDart,Heavy Rain,11844,88,0.72,2026-02-23 01:36:18,80,1,Lake Joshuaburgh Hub,106,Medium
jn-90263086,Delhivery,Heavy Rain,1906,59,0.29,2026-03-02 08:19:43,9,0,Mariechester Hub,37,Low
AU-80054530,Delhivery,Fog,10427,89,0.1,2026-02-25 17:06:00,1,0,Elizabethborough Hub,209,Low
jV-10227769,Swift,Clear,12403,45,0.93,2026-02-22 18:45:52,3,0,Taylorview Hub,86,Medium
Px-97357925,Delhivery,Heavy Rain,8192,96,0.87,2026-02-26 00:11:21,1,0,Whitneyborough Hub,342,Low
re-78431728,Swift,Fog,5640,84,0.59,2026-03-07 00:44:41,11,0,New Cassandraview Hub,308,Low
ZQ-47242746,BlueDart,Clear,6962,88,0.71,2026-03-06 14:01:38,9,0,East Stephaniebury Hub,124,Medium
he-51651289,BlueDart,Fog,11091,30,0.17,2026-02-21 01:56:56,0,0,New Meganville Hub,250,Low
wh-41526894,Swift,Clear,4925,74,0.71,2026-02-17 06:00:35,3,0,Chadborough Hub,483,Low
di-85832498,Delhivery,Clear,11559,35,0.14,2026-02-10 12:22:04,9,0,Cochranton Hub,430,Low
nf-37107201,Delhivery,Clear,7752,94,0.82,2026-02-15 08:56:02,11,0,New Johnborough Hub,29,Low
eB-58852389,Swift,Fog,12613,96,0.44,2026-02-21 16:14:52,2,0,Hartland Hub,165,Low
mJ-51383565,Swift,Clear,6348,77,0.49,2026-02-20 22:41:19,87,1,Port Kathryn Hub,491,Low
JV-57900510,Delhivery,Cyclone,3515,35,0.12,2026-03-07 20:21:42,458,1,Port Melissa Hub,61,Medium
yb-76400542,BlueDart,Clear,7856,64,0.62,2026-02-27 23:02:19,6,0,Mendozastad Hub,253,Medium
gq-86006720,BlueDart,Clear,6999,44,0.88,2026-02-14 09:18:57,179,1,Estradaborough Hub,162,Low
Wj-16906334,BlueDart,Clear,11617,35,0.69,2026-02-10 21:07:38,4,0,South Michelle Hub,113,Medium
Tj-00911387,BlueDart,Fog,14787,78,0.5,2026-02-24 22:37:35,15,0,Dukeside Hub,418,Medium
OI-66320556,Swift,Cyclone,11694,80,0.41,2026-02-07 17:28:34,6,0,Olsonville Hub,182,High
gV-64950406,Delhivery,Fog,7362,66,0.56,2026-02-09 21:25:03,12,0,South Eugene Hub,115,High
px-80121881,Swift,Clear,4820,74,0.59,2026-03-06 14:56:54,10,0,North Staceymouth Hub,464,Medium
Ng-98396963,BlueDart,Clear,3581,98,0.82,2026-02-24 10:41:59,61,1,Shaneport Hub,256,Low
Mf-87232161,BlueDart,Clear,7608,34,0.67,2026-03-06 10:57:31,11,0,Lake Isabelchester Hub,308,Medium
bS-97268166,BlueDart,Clear,4524,81,0.44,2026-02-10 18:31:37,10,0,Doylemouth Hub,82,High
Ix-62322917,BlueDart,Heavy Rain,6403,89,0.66,2026-02-23 10:32:05,9,0,South Jonborough Hub,121,Medium
IE-27884577,Swift,Fog,10746,80,0.94,2026-02-09 05:31:17,7,0,Lake Susanville Hub,285,Low
PT-51912909,Swift,Heavy Rain,13643,93,0.77,2026-02-26 07:48:58,88,1,Luisfurt Hub,347,Medium
qz-25688744,BlueDart,Clear,854,75,0.36,2026-02-11 09:00:52,9,0,North Christine Hub,426,High
Hq-84349438,Swift,Clear,8941,78,0.34,2026-02-21 22:06:36,0,0,New Larrystad Hub,43,High
Vy-75842346,Swift,Cyclone,8650,44,0.35,2026-02-21 01:35:32,8,0,Keithfurt Hub,258,High
MP-64528855,Delhivery,Clear,11307,81,0.81,2026-02-16 22:35:15,70,1,South Mary Hub,312,Medium
fs-01844934,BlueDart,Clear,3567,33,0.7,2026-02-27 20:43:24,8,0,Kathyfort Hub,397,High
vl-74630445,BlueDart,Clear,11928,74,0.3,2026-02-19 05:20:32,2,0,Weeksstad Hub,276,Medium
Jd-71531587,BlueDart,Clear,1256,75,0.94,2026-02-17 17:30:47,130,1,East Mark Hub,117,Low
Gr-04450279,BlueDart,Clear,1113,90,0.31,2026-03-03 08:32:41,13,0,East Yvonnechester Hub,213,High
fI-75553269,BlueDart,Clear,6303,32,0.59,2026-02-20 14:08:20,15,0,Michaelland Hub,423,Medium
un-60431116,Swift,Clear,1080,63,0.43,2026-02-11 03:29:45,8,0,North Samuelmouth Hub,260,Low
zw-95795468,Delhivery,Clear,3177,46,0.98,2026-03-03 01:09:45,12,0,Morristown Hub,81,Low
IF-43688203,Delhivery,Clear,10128,53,0.45,2026-02-20 03:50:40,14,0,Port Julie Hub,279,High
zS-82233270,Delhivery,Clear,13176,55,0.62,2026-02-21 11:20:02,6,0,Vanessafort Hub,282,High
AC-05105005,Delhivery,Heavy Rain,12424,34,0.59,2026-02-07 20:45:01,5,0,West Nathanville Hub,465,High
Yl-11927786,Delhivery,Clear,2615,75,0.76,2026-03-01 05:09:20,11,0,South Vanessa Hub,339,Medium
jW-22955423,BlueDart,Clear,8091,93,0.54,2026-02-26 09:36:28,9,0,Sampsonberg Hub,446,Low
LJ-24386353,BlueDart,Heavy Rain,12230,73,0.21,2026-02-06 08:30:31,2,0,Jamesland Hub,283,Low
Rw-95081332,Delhivery,Heavy Rain,13930,39,0.8,2026-03-03 12:08:12,6,0,Elizabethtown Hub,207,Medium
HS-34138577,BlueDart,Clear,7980,32,0.16,2026-02-27 18:21:30,2,0,Hayleyview Hub,131,High
RA-24631376,Swift,Clear,12155,62,0.16,2026-02-24 05:28:52,2,0,Buchananview Hub,444,High
ol-87777031,Delhivery,Heavy Rain,11522,48,0.51,2026-03-07 17:55:59,4,0,New Johnmouth Hub,230,Low
cN-60436170,Delhivery,Fog,11246,78,0.33,2026-02-23 06:42:10,8,0,East Matthewberg Hub,247,High
xo-39993806,Delhivery,Clear,11785,88,0.71,2026-02-14 22:53:57,136,1,West Vanessa Hub,260,High
DZ-96987438,Swift,Clear,2623,98,0.55,2026-02-17 11:34:58,163,1,Silvamouth Hub,433,Medium
ao-16001439,BlueDart,Clear,4839,59,0.15,2026-02-12 02:49:11,8,0,Davidsonborough Hub,489,High
Oi-36728559,BlueDart,Clear,4780,85,0.89,2026-02-18 12:28:22,128,1,East Codytown Hub,39,Low
kH-81809432,Delhivery,Clear,11312,95,0.83,2026-02-22 15:29:39,46,1,East Victormouth Hub,368,Low
cY-81658307,Swift,Heavy Rain,2732,52,0.62,2026-02-19 05:43:47,3,0,West Jesse Hub,458,Medium
Db-06626504,Swift,Clear,9865,62,0.24,2026-02-15 01:44:07,6,0,Danieltown Hub,310,High
qH-06892068,Swift,Clear,2082,86,0.58,2026-02-19 07:09:50,143,1,Jonesmouth Hub,148,Low
Ba-03169345,Swift,Clear,13647,79,0.24,2026-02-08 03:05:52,14,0,Howardberg Hub,494,Low
hm-46821219,Swift,Heavy Rain,1871,41,0.51,2026-03-02 23:22:53,1,0,East Austinberg Hub,157,High
zd-98048503,Delhivery,Clear,4113,69,0.11,2026-03-05 01:13:18,9,0,Port Hannahshire Hub,496,Low
aF-52190528,Delhivery,Fog,9030,51,0.84,2026-02-10 05:36:01,1,0,Mistyside Hub,436,Low
ie-87977049,BlueDart,Fog,14198,59,0.92,2026-03-07 07:49:27,2,0,Edwardfurt Hub,61,Medium
mf-67739621,Delhivery,Clear,6223,46,0.52,2026-02-24 10:48:20,1,0,Andreafurt Hub,213,Low
os-37833687,Swift,Heavy Rain,8256,30,0.62,2026-03-01 07:18:52,2,0,Jonesview Hub,275,High
FR-03267853,Delhivery,Fog,7586,81,0.88,2026-02-10 07:13:28,8,0,North Kathrynfurt Hub,266,Medium
Fv-34314855,BlueDart,Clear,14302,91,0.54,2026-02-24 19:34:59,94,1,Hansenborough Hub,96,Medium
HF-76528998,Delhivery,Clear,5529,89,0.99,2026-02-26 08:58:48,179,1,Marktown Hub,24,Low
Iy-28920452,BlueDart,Fog,775,98,0.43,2026-03-06 12:34:00,90,1,East Darryl Hub,392,High
Lu-62540293,BlueDart,Clear,11732,93,0.36,2026-02-09 20:14:47,1,0,Floreschester Hub,15,High
Pw-12531936,Delhivery,Clear,13206,62,0.17,2026-02-28 06:49:43,4,0,Erikamouth Hub,414,High
Ma-60987695,BlueDart,Clear,10612,82,0.19,2026-02-08 15:16:19,0,0,East Barbara Hub,25,Medium
MV-30305503,Swift,Clear,7339,44,0.27,2026-03-06 16:20:56,11,0,Hendersonfort Hub,475,Medium
rb-30924205,BlueDart,Cyclone,11711,50,0.53,2026-02-13 14:08:29,403,1,South Billyshire Hub,179,Low
yM-57767985,Delhivery,Fog,6299,49,0.51,2026-03-08 10:01:50,8,0,Bradshawport Hub,421,Low
Bj-81770892,BlueDart,Heavy Rain,4009,58,0.32,2026-03-08 11:58:25,96,1,Kennedytown Hub,315,Low
nq-71278158,BlueDart,Clear,3645,31,0.5,2026-02-13 21:54:22,142,1,North Christopherfort Hub,422,High
Pn-24311948,Delhivery,Fog,5891,33,0.4,2026-02-21 17:51:40,11,0,Davidmouth Hub,60,Low
tE-04385688,BlueDart,Heavy Rain,1115,76,0.11,2026-02-18 03:52:54,14,0,North Benjaminport Hub,100,Low
fB-63208240,Swift,Clear,4294,99,0.52,2026-02-25 04:10:47,0,0,West Brianfurt Hub,39,Medium
Wv-50317643,Delhivery,Clear,10021,47,0.36,2026-02-10 22:51:18,7,0,South Christina Hub,431,Low
XO-63655424,Swift,Fog,2355,62,0.95,2026-03-05 16:12:25,14,0,Chelseashire Hub,230,High
NE-54790348,BlueDart,Clear,3166,53,0.58,2026-02-26 04:31:05,9,0,Michaelfurt Hub,303,High
nn-39734720,Swift,Clear,12353,72,0.35,2026-03-07 22:19:23,5,0,South Jillian Hub,73,Medium
sb-84974978,Delhivery,Heavy Rain,1842,50,0.7,2026-02-23 05:49:03,13,0,Ramirezfurt Hub,111,High
BU-58485393,BlueDart,Clear,7780,68,0.8,2026-02-16 08:47:10,8,0,New Lori Hub,352,Low
Hi-73557779,Delhivery,Fog,6492,54,0.24,2026-02-22 12:50:24,0,0,South Nathaniel Hub,306,High
og-81870239,Delhivery,Fog,6708,33,0.36,2026-02-10 18:51:15,12,0,North Theresaport Hub,180,High
oF-82206808,BlueDart,Clear,12529,90,1.0,2026-03-01 21:10:26,58,1,Figueroafort Hub,413,Low
QM-15259947,Delhivery,Clear,2164,73,0.73,2026-02-13 06:39:52,7,0,South Abigailmouth Hub,238,High
fj-79909319,Swift,Clear,8982,39,0.75,2026-02-09 19:22:05,10,0,East Shawn Hub,315,Low
eD-85132124,BlueDart,Cyclone,1382,61,0.49,2026-02-22 09:53:26,419,1,Daniellestad Hub,312,Medium
pa-21000574,Swift,Fog,13017,32,0.24,2026-02-27 20:17:17,1,0,Robertsview Hub,166,High
sv-83705331,Swift,Clear,13769,53,0.34,2026-02-14 08:53:31,14,0,Hendersonville Hub,417,Low
hF-13072535,Swift,Clear,7178,79,0.85,2026-02-28 18:03:45,170,1,Thomaschester Hub,63,Low
yi-64981995,Delhivery,Clear,2168,48,0.45,2026-02-17 18:53:55,9,0,Jordanmouth Hub,444,High
uK-77089254,Delhivery,Heavy Rain,802,96,0.76,2026-02-13 07:40:29,14,0,Thomasstad Hub,455,Medium
Ik-81846690,Swift,Heavy Rain,3641,72,0.25,2026-02-23 00:28:16,13,0,Michaelhaven Hub,251,Medium
Ar-01790991,Swift,Clear,12053,34,0.91,2026-02-11 10:57:01,11,0,Stephenburgh Hub,429,High
DE-50243061,BlueDart,Heavy Rain,3164,31,0.6,2026-02-06 08:44:09,107,1,Amyville Hub,258,Low
GE-55394757,Delhivery,Fog,4136,40,0.21,2026-02-11 23:54:41,8,0,South Dustinfurt Hub,230,High
Ir-79853254,BlueDart,Cyclone,7649,53,0.51,2026-02-13 18:08:29,695,1,Lake Yvonne Hub,257,Medium
cb-80475820,BlueDart,Clear,9442,65,0.21,2026-02-27 21:16:28,11,0,Allenport Hub,306,High
cH-55513934,BlueDart,Clear,8079,54,0.67,2026-02-11 20:24:11,0,0,New Nicole Hub,419,Medium
Yx-11550026,Delhivery,Heavy Rain,12499,70,0.48,2026-02-08 03:44:13,12,0,Smithton Hub,290,Low
NW-71918249,BlueDart,Clear,14092,30,0.74,2026-03-09 16:53:43,8,0,Roseside Hub,416,High
Qb-06248821,Delhivery,Clear,2902,77,0.28,2026-02-08 19:15:02,9,0,Whitneyland Hub,69,Low
go-17249687,BlueDart,Heavy Rain,7070,59,0.58,2026-02-19 19:06:45,77,1,Cynthiamouth Hub,19,Low
hu-94657213,BlueDart,Clear,9916,55,0.1,2026-03-03 17:44:04,9,0,North Samanthabury Hub,172,Low
mC-31177351,Swift,Fog,13444,94,0.98,2026-02-07 23:35:30,163,1,South Kimshire Hub,262,High
zS-65239796,Delhivery,Clear,5019,63,0.95,2026-02-25 14:41:53,0,0,Leeside Hub,209,Medium
jS-14235884,Swift,Heavy Rain,8948,43,0.61,2026-03-02 11:37:28,5,0,New Victoria Hub,64,High
MK-45988784,BlueDart,Heavy Rain,4754,74,0.92,2026-02-17 21:30:05,106,1,North Bruceshire Hub,329,High
hd-70576614,BlueDart,Fog,1295,86,0.97,2026-02-12 18:37:58,153,1,East Ronnie Hub,295,High
Vi-32212514,Delhivery,Clear,7586,57,0.89,2026-02-23 14:09:59,90,1,New Leslieland Hub,180,Low
WW-67794392,Swift,Fog,7738,65,0.31,2026-02-15 23:55:09,12,0,New Randyshire Hub,287,Low
jT-16525666,Swift,Heavy Rain,8392,92,0.18,2026-02-21 10:56:38,5,0,Jenniferside Hub,468,Low
nf-20496033,Swift,Clear,9392,65,0.13,2026-02-24 06:01:15,7,0,East Michael Hub,87,High
pH-91623488,BlueDart,Clear,13133,41,0.36,2026-02-10 21:42:27,11,0,East Gail Hub,345,Medium
My-85888327,BlueDart,Heavy Rain,11446,76,0.85,2026-02-11 17:13:37,73,1,Thomasville Hub,482,Low
rC-06228465,Delhivery,Clear,3403,44,0.16,2026-02-28 19:33:40,11,0,East Matthew Hub,310,High
AU-67271831,Delhivery,Fog,12296,50,0.53,2026-02-18 21:57:23,13,0,Port Kelly Hub,107,Medium
py-28262734,Swift,Clear,11308,57,0.59,2026-02-11 07:07:18,1,0,Beardchester Hub,42,Low
oS-31393947,Delhivery,Clear,2765,51,0.83,2026-03-01 15:45:27,106,1,Randolphhaven Hub,75,Medium
zA-53205634,Swift,Clear,5172,94,0.65,2026-03-09 12:06:33,5,0,New Williambury Hub,215,High
UE-58549947,BlueDart,Clear,6444,52,0.99,2026-03-03 03:11:58,14,0,Port Joshuamouth Hub,102,Medium
wA-21836767,Swift,Fog,11430,63,0.47,2026-02-17 06:04:58,6,0,Lake Julieville Hub,43,Low
lX-82540377,Delhivery,Clear,4575,69,0.21,2026-02-15 18:39:07,0,0,Lake Erinville Hub,434,Medium
TQ-66045317,BlueDart,Heavy Rain,9353,83,0.53,2026-02-11 01:40:45,3,0,Port Darryl Hub,391,Medium
As-00050170,Swift,Heavy Rain,942,58,0.7,2026-03-05 18:43:06,1,0,Reynoldshaven Hub,166,Low
Rj-52904502,Delhivery,Clear,8399,40,0.99,2026-02-23 04:48:06,11,0,Maddenville Hub,450,High
gg-57691685,BlueDart,Heavy Rain,5113,41,0.34,2026-03-05 16:55:49,9,0,Jenniferburgh Hub,14,Low
qr-42901238,BlueDart,Clear,14979,37,0.87,2026-02-27 17:44:15,12,0,Oneillfurt Hub,480,Low
HN-75051307,Swift,Fog,13334,60,0.79,2026-02-27 17:36:17,9,0,North Amandaburgh Hub,419,Low
oe-38769210,BlueDart,Clear,5294,35,0.74,2026-02-17 19:53:08,9,0,Brittanytown Hub,429,Medium
Sv-15385884,Delhivery,Clear,608,54,0.94,2026-02-28 10:48:54,8,0,Tracyberg Hub,241,High
qA-98958423,BlueDart,Clear,10284,88,0.84,2026-02-23 17:35:07,129,1,Smithport Hub,417,High
xu-14737968,Delhivery,Cyclone,5329,80,0.61,2026-03-07 06:24:04,649,1,Joelhaven Hub,472,Medium
fG-87809860,Delhivery,Clear,13408,42,0.64,2026-03-09 00:57:35,13,0,Port Katherine Hub,374,Medium
KF-92344690,Delhivery,Clear,3156,79,0.68,2026-02-23 15:52:55,7,0,Lake Jennifertown Hub,247,Medium
jp-03156736,Delhivery,Clear,8547,42,0.64,2026-02-22 20:26:10,12,0,Bennettshire Hub,384,Medium
DV-09125166,Delhivery,Clear,5397,93,0.87,2026-02-21 14:55:23,11,0,Jessicaton Hub,68,Medium
eU-60074143,Delhivery,Clear,6102,75,0.68,2026-02-07 19:30:05,1,0,Lake Jordan Hub,468,Medium
Fb-65760620,BlueDart,Heavy Rain,5707,84,0.91,2026-03-03 13:07:43,140,1,Juliaberg Hub,457,Low
tx-32292897,Swift,Clear,11530,100,0.95,2026-02-20 11:26:56,139,1,Port Ronald Hub,258,High
eH-61327505,Delhivery,Heavy Rain,9742,71,0.38,2026-03-05 02:30:57,3,0,North Sydneyside Hub,213,High
kn-17160043,Swift,Clear,10256,52,0.87,2026-02-21 00:06:05,1,0,Reginaville Hub,249,High
Jo-57659465,Delhivery,Cyclone,9469,71,0.78,2026-02-06 12:22:51,358,1,East Jeanetteborough Hub,454,Medium
Xh-98001797,Delhivery,Clear,8787,76,0.81,2026-03-07 00:21:46,4,0,Hendersonside Hub,331,High
LX-80344428,Swift,Clear,11798,83,0.5,2026-02-09 01:08:26,11,0,North Evelynport Hub,75,Low
cx-50746127,BlueDart,Clear,14440,71,0.63,2026-02-22 12:53:56,6,0,Kimberlyfurt Hub,241,Low
FR-25046258,Swift,Fog,6293,54,0.45,2026-02-24 07:30:37,7,0,Michaelbury Hub,107,Low
jd-09143402,BlueDart,Fog,14834,71,0.53,2026-03-07 00:39:28,11,0,Burgessfurt Hub,138,Medium
dS-43117658,Swift,Clear,11240,76,0.31,2026-02-28 05:49:31,0,0,Port Bryanfort Hub,436,Medium
UU-90855943,Swift,Heavy Rain,13218,75,0.44,2026-03-05 19:02:14,10,0,East Tiffanymouth Hub,278,High
xe-28048983,Swift,Clear,5750,45,0.19,2026-02-06 20:19:48,8,0,Lake Jacquelinebury Hub,495,High
RM-12538058,Delhivery,Heavy Rain,5181,43,0.12,2026-02-15 15:10:09,10,0,Millerton Hub,72,Low
QA-99614957,BlueDart,Clear,7378,86,0.4,2026-02-17 11:38:54,14,0,South Edwardberg Hub,203,High
RP-59320692,Delhivery,Heavy Rain,2836,68,0.28,2026-03-05 00:44:11,12,0,Edwardsburgh Hub,59,Medium
sG-17760685,Delhivery,Heavy Rain,2160,80,0.48,2026-02-15 01:41:44,7,0,West Mariaborough Hub,140,High
BY-50538305,Delhivery,Clear,5237,59,0.12,2026-02-14 04:41:23,14,0,West Kristyton Hub,21,Low
CF-33037456,Swift,Heavy Rain,11917,31,0.88,2026-02-14 17:13:42,13,0,Virginiaborough Hub,379,Low
th-45925002,Delhivery,Heavy Rain,14230,51,0.29,2026-03-04 10:46:21,3,0,South Kennethburgh Hub,40,Medium
lJ-62258403,BlueDart,Clear,8202,75,0.33,2026-02-24 23:16:09,14,0,Sullivanville Hub,89,High
Uw-82752033,BlueDart,Clear,12642,61,0.91,2026-03-05 06:21:18,165,1,Jerryborough Hub,81,Medium
wc-69527260,Swift,Fog,12700,90,0.47,2026-02-26 11:51:43,12,0,Maryburgh Hub,23,Low
Wm-08903978,BlueDart,Fog,12974,42,0.18,2026-02-28 20:10:53,9,0,Thomasberg Hub,207,Low
aS-49024580,Swift,Clear,10711,41,0.39,2026-03-05 09:39:27,7,0,Jamesmouth Hub,270,High
qS-82317353,Swift,Clear,8058,34,0.6,2026-03-01 01:22:03,7,0,Lake Stephen Hub,215,Medium
th-01851857,BlueDart,Clear,5322,49,0.94,2026-02-14 20:13:53,4,0,Woodtown Hub,400,Medium
mt-21838987,BlueDart,Heavy Rain,13261,92,0.81,2026-02-18 12:17:58,105,1,Henryside Hub,62,Medium
cm-14098296,BlueDart,Clear,12413,83,0.32,2026-03-09 02:20:58,3,0,Williamsview Hub,267,Medium
WC-27157691,Swift,Clear,12381,58,0.42,2026-03-07 03:04:37,9,0,East Sierra Hub,59,Medium
jl-37936691,Delhivery,Clear,11281,77,0.98,2026-02-17 19:30:47,12,0,Lake George Hub,229,High
qH-20770071,Swift,Clear,11610,52,0.86,2026-02-13 21:41:04,1,0,Annville Hub,28,Medium
xS-86702860,Delhivery,Clear,1091,58,0.55,2026-02-27 16:07:54,5,0,East Kevin Hub,205,High
Za-27686259,Swift,Heavy Rain,11077,33,0.44,2026-02-20 16:36:37,6,0,Rachelburgh Hub,466,High
zE-66498966,Swift,Heavy Rain,9175,78,0.86,2026-02-07 20:55:21,4,0,Harveyport Hub,25,Low
Pj-26905072,Swift,Heavy Rain,1132,98,0.88,2026-02-25 18:04:02,9,0,Maddoxchester Hub,123,Low
zT-77844970,Delhivery,Heavy Rain,5176,43,0.2,2026-02-27 15:15:39,7,0,Jessicashire Hub,218,Low
Wb-54841561,Swift,Cyclone,1591,62,0.65,2026-02-09 06:00:06,555,1,West Charlesfurt Hub,134,High
GI-34423263,BlueDart,Clear,9382,67,0.13,2026-02-09 22:57:22,0,0,Port Jeanne Hub,489,High
at-81911581,Delhivery,Heavy Rain,5328,95,0.7,2026-02-22 05:54:58,13,0,Port Joshua Hub,361,Medium
JK-43799249,Swift,Heavy Rain,12994,81,0.37,2026-03-04 04:58:05,4,0,Smithland Hub,25,Medium
